Movie_Title,Release_Year,Rating,Movie_URL
28 Days,2000,3 Stars,../filmdata/1_films/28_days.html
Alien Fury Countdown To Invasion,2000,3 Stars,../filmdata/a_films/alien_fury_countdown_to_invasion.html
Arabian Nights,2000,3 Stars,../filmdata/a_films/arabian_nights.html
Battlefield Earth,2000,3 Stars,../filmdata/b_films/battlefield_earth.htm
Battle Royale,2000,3 Stars,../filmdata/b_films/battle_royale.htm
Bedazzled,2000,3 Stars,../filmdata/b_films/bedazzled.htm
Billie Elliott,2000,3 Stars,../filmdata/b_films/billie-elliot.htm
Bounce,2000,3 Stars,../filmdata/b_films/bounce.htm
Cast Away,2000,3 Stars,../filmdata/c_films/cast-away.htm
Cell,2000,3 Stars,../filmdata/c_films/cell.htm
Charlie's Angels,2000,3 Stars,../filmdata/c_films/charlies_angels.htm
Cherry Falls,2000,3 Stars,../filmdata/c_films/cherry_falls.html
Chicken Run,2000,3 Stars,../filmdata/c_films/chicken_run.htm
Chocolat,2000,3 Stars,../filmdata/c_films/chocolat.htm
Cinderella,2000,3 Stars,../filmdata/c_films/cinderalla_1.htm
Countdown To Invasion,2000,3 Stars,../filmdata/c_films/countdown_to_invasion.html
Coyote Ugly,2000,3 Stars,../filmdata/c_films/coyote_ugly.htm
Crouching TIger Hidden Dragon,2000,3 Stars,../filmdata/c_films/crouching_tiger_hidden_dragon.htm
Dracula 2000,2000,3 Stars,../filmdata/d_films/dracula_2000.html
Drowning Mona,2000,3 Stars,../filmdata/d_films/drowning_mona.html
Elektra,2000,3 Stars,../filmdata/e_films/elektra.htm
Erin Brokovich,2000,3 Stars,../filmdata/e_films/erin_brokovich.htm
Family Man,2000,3 Stars,../filmdata/f_films/family_man.htm
Flight Of Fancy,2000,3 Stars,../filmdata/f_films/flight_of_fancy.html
Frequency,2000,3 Stars,../filmdata/f_films/frequency.htm
Ginger Snaps,2000,3 Stars,../filmdata/g_films/ginger_snaps.html
Gladiator,2000,3 Stars,../filmdata/g_films/gladiator.htm
Greenfingers,2000,3 Stars,../filmdata/g_films/green_fingers.htm
High Fidelity,2000,3 Stars,../filmdata/h_films/high_fidelity.htm
Hollow Man,2000,3 Stars,../filmdata/h_films/hollow_man.htm
Isn't She Great,2000,3 Stars,../filmdata/i_films/isnt_she_great.htm
It Had To Be You,2000,3 Stars,../filmdata/i_films/it_had_to_be_you.html
Keeping The Faith,2000,3 Stars,../filmdata/k_films/keeping_the_faith.htm
Lady Audley's Secret,2000,3 Stars,../filmdata/l_films/lady_audleys_secret.html
Lake Placid,2000,3 Stars,../filmdata/l_films/lake_placid.htm
Life-Size,2000,3 Stars,../filmdata/l_films/life_size.htm
Little Nicky,2000,3 Stars,../filmdata/l_films/little_nicky.htm
Love And Murder,2000,3 Stars,../filmdata/l_films/love_and_murder.html
Maybe Baby,2000,3 Stars,../filmdata/m_films/maybe_baby.htm
Me Myself And Irene,2000,3 Stars,../filmdata/m_films/me_myself_and _irene.htm
Meet The Parents,2000,3 Stars,../filmdata/m_films/meet_the_parents.htm
Merlin The Return,2000,3 Stars,../filmdata/m_films/merlin_the_return.htm
Miss Congeniality,2000,3 Stars,../filmdata/m_films/miss_congeniality.htm
Mission Impossible 2,2000,3 Stars,../filmdata/m_films/mission_impossible_2.htm
Mission To Mars,2000,3 Stars,../filmdata/m_films/mission_to_mars.htm
Nautilus,2000,3 Stars,../filmdata/n_films/nautilus.html
Nurse Betty,2000,3 Stars,../filmdata/n_films/nurse_betty.htm
Once Upon A Christmas,2000,3 Stars,../filmdata/o_films/once_upon_a_christmas.html
Perfect Storm,2000,3 Stars,../filmdata/p_films/perfect_storm.html
Pitch Black,2000,3 Stars,../filmdata/p_films/pitch_black.htm
Prince And The Pauper,2000,3 Stars,../filmdata/p_films/prince_and_the_pauper.html
Red Planet,2000,3 Stars,../filmdata/r_films/red_planet.htm
Relative Values,2000,3 Stars,../filmdata/r_films/relative_values.htm
Replacements,2000,3 Stars,../filmdata/r_films/replacementss.html
Satan's School for Girls,2000,3 Stars,../filmdata/s_films/satans_school_for_girls.html
Scary Movie,2000,3 Stars,../filmdata/s_films/scary_movie.htm
"Scream
    3",2000,3 Stars,../filmdata/s_films/scream_3.htm
Shadow Of The Vampire,2000,3 Stars,../filmdata/s_films/shadow_of_the_vampire.htm
Snow Day,2000,3 Stars,../filmdata/s_films/snow_day.htm
Small Time Crooks,2000,3 Stars,../filmdata/s_films/small_time_crooks.htm
Space Cowboys,2000,3 Stars,../filmdata/s_films/space_cowboys.htm
Spiral Staircase,2000,3 Stars,../filmdata/s_films/spiral_staircase.html
Tadpole,2000,3 Stars,../filmdata/t_films/tadpole.html
Talented Mr Ripley,2000,3 Stars,../filmdata/t_films/talented_mr_ripley.htm
Titan AE,2000,3 Stars,../filmdata/t_films/titan_ae.html
Unbreakable,2000,3 Stars,../filmdata/u_films/unbreakable.html
Vertical Limit,2000,3 Stars,../filmdata/v_films/vertical_limit.htm
Virtual Nightmare,2000,3 Stars,../filmdata/v_films/virtual_nightmare.html
Weight Of Water,2000,3 Stars,../filmdata/w_films/weight_of_water.html
What Lies Beneath,2000,3 Stars,../filmdata/w_films/what_lies_beneath.htm
What Planet Are You From?,2000,3 Stars,../filmdata/w_films/what-planet-are-you-from.html
What Women Want,2000,3 Stars,../filmdata/w_films/what_women_want.htm
Whatever It Takes,2000,3 Stars,../filmdata/w_films/whatever_it_takes.html
Witchblade,2000,3 Stars,../filmdata/w_films/witchblade.html
X-Men,2000,3 Stars,../filmdata/x_films/xmen.htm
The Yards,2000,3 Stars,../filmdata/y_films/yards.htm
Crouching Tiger Hidden Dragon,2000,,../filmdata/c_films/crouching_tiger_hidden_dragon.htm
Erin Brockovich,2000,,../filmdata/e_films/erin_brokovich.htm
"Russell
        Crowe",2000,,../actor/c_actor/crowe_russell.htm
Javier Bardem,2000,,../actor/b_actor/bardem_javier.html
Tom Hanks,2000,,../actor/h_actor/hanks-tom.htm
Ed Harris,2000,,../actor/h_actor/harris_ed.htm
Geoffrey Rush,2000,,../actor/r_actor/rush_geoffrey.htm
"Julia
        Roberts",2000,,../actress/r_actress/roberts_julia.htm
Juliette Binoche,2000,,../actress/b_actress/binoche_juliette.htm
Ellen Burstyn,2000,,../actress/b_actress/burstyn_ellen.htm
Laura Linney,2000,,../actress/l_actress/linney_laura.htm
51st State,2001,3 Stars,../filmdata/1_films/51st_state.htm
Artificial Intelligence:AI,2001,3 Stars,../filmdata/a_films/artificial-intelligence.htm
Along Came A Spider,2001,3 Stars,../filmdata/a_films/along-came-a-spider.html
America's Sweethearts,2001,3 Stars,../filmdata/a_films/americas_sweethearts.htm
Antitrust,2001,3 Stars,../filmdata/a_films/antitrust.htm
Bandits,2001,3 Stars,../filmdata/b_films/bandits.html
"Beautiful
    Mind",2001,3 Stars,../filmdata/b_films/beautiful_mind.htm
"Beethoven's
    4th",2001,3 Stars,../filmdata/b_films/beethovens_4th.htm
"Behind
    Enemy Lines",2001,3 Stars,../filmdata/b_films/behind-enemy-lines.htm
Beneath Loch Ness,2001,3 Stars,../filmdata/b_films/beneath_loch_ness.html
"Black
    Knight",2001,3 Stars,../filmdata/b_films/black_knight.htm
Blow Dry,2001,3 Stars,../filmdata/b_films/blow_dry.htm
Body,2001,3 Stars,../filmdata/b_films/body.htm
"Bridget
    Jones Diary",2001,3 Stars,../filmdata/b_films/bridget_jones_diary.htm
"Captain
    Corelli's Mandolin",2001,3 Stars,../filmdata/c_films/captain_corellis_mandolin.htm
Cats And Dogs,2001,3 Stars,../filmdata/c_films/cats_and_dogs.htm
"Charlotte
    Gray",2001,3 Stars,../filmdata/c_films/charlotte_gray.htm
"Christmas
    Carol",2001,3 Stars,../filmdata/c_films/christmas_carol.htm
Christmas In The Clouds,2001,3 Stars,../filmdata/c_films/christmas_in_the_clouds.html
"Crocodile
    Dundee in LA",2001,3 Stars,../filmdata/c_films/crocodile_dundee_in_la.htm
Curse Of The Jade Scorpion,2001,3 Stars,../filmdata/c_films/curse_of_the_jade_scorpion.html
"Doctor
    Dolittle 2",2001,3 Stars,../filmdata/d_films/doctor_dolittle_2.htm
Donnie Darko,2001,3 Stars,../filmdata/d_films/donnie_darko.html
Driven,2001,3 Stars,../filmdata/d_films/driven.htm
Elvira's Haunted Hills,2001,3 Stars,../filmdata/e_films/elviras_haunted_hills.html
Enemy At The Gates,2001,3 Stars,../filmdata/e_films/enemy_at_the_gates.htm
Enigma,2001,3 Stars,../filmdata/e_films/enigma.htm
Evolution,2001,3 Stars,../filmdata/e_films/evolution.htm
Fast And The Furious,2001,3 Stars,../filmdata/f_films/fast_and_the furious.htm
From Hell,2001,3 Stars,../filmdata/f_films/from_hell.htm
"Ghosts Of
    Mars",2001,3 Stars,../filmdata/g_films/ghosts_of_mars.htm
"Gosford
    Park",2001,3 Stars,../filmdata/g_films/gosford_park.htm
"Harry
    Potter and The Philosophers Stone",2001,3 Stars,../filmdata/h_films/harry_potter_philosophers_stone.htm
Heartbreakers,2001,3 Stars,../filmdata/h_films/heart_breakers.htm
Hearts In Atlantis,2001,3 Stars,../filmdata/h_films/hearts_in_atlantis.html
High Heels And Low Life,2001,3 Stars,../filmdata/h_films/high_heels_and_low_life.htm
Hole,2001,3 Stars,../filmdata/h_films/hole.htm
Iris,2001,3 Stars,../filmdata/i_films/iris.htm
"Joe
    Somebody",2001,3 Stars,../filmdata/j_films/joe_somebody.htm
Jurassic Park 3,2001,3 Stars,../filmdata/j_films/jurassic_park_3.htm
K-Pax,2001,3 Stars,../filmdata/k_films/k_pax.html
Kate & Leopold,2001,3 Stars,../filmdata/k_films/kate_and_leopold.html
Kiss Of The Dragon,2001,3 Stars,../filmdata/k_films/kiss_of_the_dragon.htm
"Knight's
    Tale",2001,3 Stars,../filmdata/k_films/knights_tale.htm
"Lara
    Croft - Tomb Raider",2001,3 Stars,../filmdata/l_films/lara_croft_tomb_raider.htm
"Legally
    Blonde",2001,3 Stars,../filmdata/l_films/legally_blond.htm
Lightning: Fire From The Sky,2001,3 Stars,../filmdata/l_films/lightning_fire_from_the_sky.html
"Lord
    Of The Rings - The Fellowship of The Ring",2001,3 Stars,../filmdata/l_films/lord_of_the_rings_1.htm
Lost World,2001,3 Stars,../filmdata/l_films/lost_world_2001.html
Mexican,2001,3 Stars,../filmdata/m_films/mexican.htm
"Monsters
    Inc",2001,3 Stars,../filmdata/m_films/monsters_inc.htm
"Moulin
    Rouge",2001,3 Stars,../filmdata/m_films/moulin_rouge.htm
"Mummy
    Returns",2001,3 Stars,../filmdata/m_films/mummy_returns.htm
Musketeer,2001,3 Stars,../filmdata/m_films/musketeer.html
Ocean's Eleven,2001,3 Stars,../filmdata/o_films/oceans_eleven_2.htm
Off Season,2001,3 Stars,../filmdata/o_films/off_season.html
Others,2001,3 Stars,../filmdata/o_films/others.htm
"Pearl
    Harbour",2001,3 Stars,../filmdata/p_films/pearl_harbor.htm
"Planet
    Of The Apes",2001,3 Stars,../filmdata/p_films/planet_of_the_apes_2.htm
Pledge,2001,3 Stars,../filmdata/p_films/pledge.htm
Prancer Returns,2001,3 Stars,../filmdata/p_films/prancer_returns.html
Princess Diaries,2001,3 Stars,../filmdata/p_films/princess_diaries.htm
Rat Race,2001,3 Stars,../filmdata/r_films/rat_race.htm
"Royal
    Tenebaums",2001,3 Stars,../filmdata/r_films/royal_tenenbaums.htm
Serendipity,2001,3 Stars,../filmdata/s_films/serendipity.htm
"Sexy
    Beast",2001,3 Stars,../filmdata/s_films/sexy_beast.htm
Scary Movie 2,2001,3 Stars,../filmdata/s_films/scary_movie_2.htm
Shrek,2001,3 Stars,../filmdata/s_films/shrek.htm
Shipping News,2001,3 Stars,../filmdata/s_films/shipping_news.html
Snow White,2001,3 Stars,../filmdata/s_films/snow_white.html
Spirited Away,2001,3 Stars,../filmdata/s_films/spirited_away.htm
Spy Kids,2001,3 Stars,../filmdata/s_films/spy_kids.html
Sugar And Spice,2001,3 Stars,../filmdata/s_films/sugar_and_spice.html
Swordfish,2001,3 Stars,../filmdata/s_films/swordfish.htm
Taking Sides,2001,3 Stars,../filmdata/t_films/taking-sides.htm
Three Blind Mice,2001,3 Stars,../filmdata/t_films/three_blind_mice.html
Triumph Of Love,2001,3 Stars,../filmdata/t_films/triumph_of_love.htm
War Bride,2001,3 Stars,../filmdata/w_films/war_bride.html
Wedding Planner,2001,3 Stars,../filmdata/w_films/wedding_planner.htm
Zoolander,2001,3 Stars,../filmdata/z_films/zoolander.htm
A Beautiful Mind,2001,3 Stars,../filmdata/b_films/beautiful_mind.htm
"The
    Lord Of The Rings: Fellowship Of The Ring",2001,,../filmdata/l_films/lord_of_the_rings_1.htm
Moulin Rouge,2001,,../filmdata/m_films/moulin_rouge.htm
"Denzel
        Washington",2001,,../actor/w_actor/washington-denzel.htm
"Russell
    Crowe",2001,,../actor/c_actor/crowe_russell.htm
Sean Penn,2001,,../actor/p_actor/penn-sean.htm
Will Smith,2001,,../actor/s_actor/smith_will.htm
Tom Wilkinson,2001,,../actor/w_actor/wilkinson_tom.htm
"Halle
        Berry",2001,,../actress/b_actress/berry_halle.htm
"Judi
    Dench",2001,,../actress/d_actress/dench_judi.htm
Nicole Kidman,2001,,../actress/k_actress/kidman_nicole.htm
Sissy Spacek,2001,,../actress/s_actress/spacek_sissy.htm
Renee Zellweger,2001,,../actress/z_actress/zellweger_rene.htm
"Bridget Jones's
    Diary",2001,,../filmdata/b_films/bridget_jones_diary.htm
28 Days Later,2002,4 Stars,../filmdata/1_films/28-days-later.htm
About A Boy,2002,4 Stars,../filmdata/a_films/about_a_boy.htm
Adventures of Pluto Nash,2002,4 Stars,../filmdata/a_films/adventures_of_pluto_nash.htm
Affair Of The Necklace,2002,4 Stars,../filmdata/a_films/affair_of_the_necklace.htm
Analyze That,2002,4 Stars,../filmdata/a_films/analyze_that.htm
Asterix And Oberlix: Mission Cleopatra,2002,4 Stars,../filmdata/a_films/asterix_and_oberlix_mission_cleopatra.htm
Austin Powers In Goldmember,2002,4 Stars,../filmdata/a_films/austin_powers_in_goldmember.htm
Banger Sisters,2002,4 Stars,../filmdata/b_films/banger_sisters.htm
Bend It Like Beckham,2002,4 Stars,../filmdata/b_films/bend_it_like_beckham.htm
Below,2002,4 Stars,../filmdata/b_films/below.html
Big Trouble,2002,4 Stars,../filmdata/b_films/big_trouble.htm
Blood Work,2002,4 Stars,../filmdata/b_films/blood_work.html
Bourne Identity,2002,4 Stars,../filmdata/b_films/bourne_identity.htm
Cabin Fever,2002,4 Stars,../filmdata/c_films/cabin_fever.htm
Catch Me If You Can,2002,4 Stars,../filmdata/c_films/catch_me_if_you_can.htm
Chicago,2002,4 Stars,../filmdata/c_films/chicago.htm
Christmas Shoes,2002,4 Stars,../filmdata/c_films/christmas-shoes.html
Christmas Visitor,2002,4 Stars,../filmdata/c_films/christmas-visitor.html
Confessions Of A Dangerous Mind,2002,4 Stars,../filmdata/c_films/confessions_of_a_dangerous_mind.html
Count Of Monte Cristo,2002,4 Stars,../filmdata/c_films/count-of-monte-cristo.htm
Darkness,2002,4 Stars,../filmdata/d_films/darkness.html
Deathwatch,2002,4 Stars,../filmdata/d_films/deathwatch.htm
Derailed,2002,4 Stars,../filmdata/d_films/drailed.html
Die Another Day,2002,4 Stars,../filmdata/d_films/die_another_day.htm
Dog Soldiers,2002,4 Stars,../filmdata/d_films/dog_soldiers.html
Don't Say A Word,2002,4 Stars,../filmdata/d_films/dont_say_a_word.htm
Dragonfly,2002,4 Stars,../filmdata/d_films/dragonfly.htm
Eight Legged Freaks,2002,4 Stars,../filmdata/e_films/eight-legged-freaks.html
Equilibrium,2002,4 Stars,../filmdata/e_films/equilibrium.html
Feardotcom,2002,4 Stars,../filmdata/f_films/feardotcom.html
Four Feathers,2002,4 Stars,../filmdata/f_films/four_feathers.html
Frida,2002,4 Stars,../filmdata/f_films/frida.htm
Full Frontal,2002,4 Stars,../filmdata/f_films/full_frontal.html
Gangs Of New York,2002,4 Stars,../filmdata/g_films/gangs_of_new_york.htm
Ghost Ship,2002,4 Stars,../filmdata/g_films/ghost_ship.htm
Guru,2002,4 Stars,../filmdata/g_films/guru.htm
Harry Potter And The Chamber Of Secrets,2002,4 Stars,../filmdata/h_films/harry_potter_chamber_of_secrets.htm
Heart Of Me,2002,4 Stars,../filmdata/h_films/heart_of_me.htm
Heaven,2002,4 Stars,../filmdata/h_films/heaven.htm
Hot Chick,2002,4 Stars,../filmdata/h_films/hot_chick.htm
The Hound Of The Baskervilles,2002,4 Stars,../filmdata/h_films/hound-of-the-baskervilles-2002.html
The Hours,2002,4 Stars,../filmdata/h_films/hours.htm
Ice Age,2002,4 Stars,../filmdata/i_films/ice_age.htm
I Saw Mommy Kissing Santa Claus,2002,4 Stars,../filmdata/i_films/i_saw_mommy_kissing_santa_claus.html
Importance Of Being Earnest,2002,4 Stars,../filmdata/i_films/importance_of_being_earnest.htm
Impostor,2002,4 Stars,../filmdata/i_films/imposter.htm
Insomnia,2002,4 Stars,../filmdata/i_films/insomnia.html
K19 The Widowmaker,2002,4 Stars,../filmdata/k_films/k19_widow_maker.htm
Killing Me Softly,2002,4 Stars,../filmdata/k_films/killing_me_softly.htm
Life Or Something Like It,2002,4 Stars,../filmdata/l_films/life_or_something_like_it.html
Lord Of The Rings: Two Towers,2002,4 Stars,../filmdata/l_films/lord_of_the_rings_2.htm
Magdalene Sisters,2002,4 Stars,../filmdata/m_films/magdalene_sisters.htm
Maid In Manhattan,2002,4 Stars,../filmdata/m_films/maid_in_manhattan.htm
Man Who Saved Christmas,2002,4 Stars,../filmdata/m_films/man_who_saved_christmas.html
Mary Christmas,2002,4 Stars,../filmdata/m_films/mary_christmas.html
Megalodon,2002,4 Stars,../filmdata/m_films/megalodon.html
Men In Black 2,2002,4 Stars,../filmdata/m_films/men_in_black_2.htm
Minority Report,2002,4 Stars,../filmdata/m_films/minority_report.htm
Morvern Callar,2002,4 Stars,../filmdata/m_films/morvern-callar.html
Mr Deeds,2002,4 Stars,../filmdata/m_films/mr-deeds.html
Murder by Numbers,2002,4 Stars,../filmdata/m_films/murder_by_numbers.htm
My Big Fat Greek Wedding,2002,4 Stars,../filmdata/m_films/my_big_fat_greek_wedding.htm
My Little Eye,2002,4 Stars,../filmdata/m_films/my_little_eye.htm
Order,2002,4 Stars,../filmdata/o_films/order.htm
Possession,2002,4 Stars,../filmdata/p_films/possession.html
Project Viper,2002,4 Stars,../filmdata/p_films/project_viper.htm
Quiet American,2002,4 Stars,../filmdata/q_films/quiet_american.html
Reign Of Fire,2002,4 Stars,../filmdata/r_films/reign_of_fire.htm
Resident  Evil,2002,4 Stars,../filmdata/r_films/resident_evil.htm
Road To Perdition,2002,4 Stars,../filmdata/r_films/road_to_perdition.htm
Rollerball,2002,4 Stars,../filmdata/r_films/rollerball_2002.html
Santa Jr,2002,4 Stars,../filmdata/s_films/santa_jr.html
Scooby Doo,2002,4 Stars,../filmdata/s_films/scoobydoo.htm
Secretary,2002,4 Stars,../filmdata/s_films/secretary.htm
Shallow Hal,2002,4 Stars,../filmdata/s_films/shallow_hal.htm
Signs,2002,4 Stars,../filmdata/s_films/signs.html
Snow Queen,2002,4 Stars,../filmdata/s_films/snow_queen.htm
Solaris,2002,4 Stars,../filmdata/s_films/solaris.htm
The Sorcerer's Apprentice,2002,4 Stars,../filmdata/s_films/sorcerers_apprentice.htm
Spiderman,2002,4 Stars,../filmdata/s_films/spiderman.htm
Spy Kids 2,2002,4 Stars,../filmdata/s_films/spy_kids_2.html
"Star
    Wars Episode 2 Attack Clones",2002,4 Stars,../filmdata/s_films/starwars_episode_2_attack_of_the_clones.htm
"Stuart
    Little 2",2002,4 Stars,../filmdata/s_films/stuart_little_2.htm
Star Trek - Nemesis,2002,4 Stars,../filmdata/s_films/star_trek_nemesis.htm
Stranded,2002,4 Stars,../filmdata/s_films/stranded.html
"Sweetest
    Thing",2002,4 Stars,../filmdata/s_films/sweetest_thing.htm
"Sweet
    Home Alabama",2002,4 Stars,../filmdata/s_films/sweet_home_alabama.htm
"Swept
    Away",2002,4 Stars,../filmdata/s_films/swept_away.htm
Terminal Error,2002,4 Stars,../filmdata/t_films/terminal_error.htm
Thir13en Ghosts,2002,4 Stars,../filmdata/t_films/thir13en ghosts.htm
Time Machine,2002,4 Stars,../filmdata/t_films/time_machine.htm
Trapped,2002,4 Stars,../filmdata/t_films/trapped.htm
Truth About Charlie,2002,4 Stars,../filmdata/t_films/truth_about_charlie.htm
Vanilla Sky,2002,4 Stars,../filmdata/v_films/vanilla_sky.htm
Walk To Remember,2002,4 Stars,../filmdata/w_films/walk_to_remember.htm
Waking Up In Reno,2002,4 Stars,../filmdata/w_films/waking_up_in_reno.html
XXX,2002,4 Stars,../filmdata/x_films/xxx.html
"Gangs
    Of New York",2002,,../filmdata/g_films/gangs_of_new_york.htm
Lord Of The Rings: The Two Towers,2002,,../filmdata/l_films/lord_of_the_rings_2.htm
Nicolas Cage,2002,,../actor/c_actor/cage_nicholas.htm
Michael Caine,2002,,../actor/c_actor/caine_michael.htm
The Quiet American,2002,,../filmdata/q_films/quiet_american.html
Daniel Day-Lewis,2002,,../actor/d_actor/day_lewis_daniel.htm
Gangs of New York,2002,,../filmdata/g_films/gangs_of_new_york.htm
Jack Nicholson,2002,,../actor/n_actor/nicholson_jack.htm
"Nicole
        Kidman",2002,,../actress/k_actress/kidman_nicole.htm
"Salma
    Hayek",2002,,../actress/h_actress/hayek_salma.htm
Diane Lane,2002,,../actress/l_actress/lane_diane.htm
Julianne Moore,2002,,../actress/m_actress/moore_julianne.htm
Renee Zellweger,2002,,../actress/z_actress/zellweger_rene.htm
"Agent
    Cody Banks",2003,3 Stars,../filmdata/a_films/agent_cody_banks.htm
Alien Hunter,2003,3 Stars,../filmdata/a_films/alien_hunter.html
Anger Management,2003,3 Stars,../filmdata/a_films/anger_management.htm
Belly Of The Beast,2003,3 Stars,../filmdata/b_films/belly_of_the_beast.htm
Beyond Re-Animator,2003,3 Stars,../filmdata/b_films/beyond_re_animator.html
Big Fish,2003,3 Stars,../filmdata/b_films/big_fish.html
Bright Young Things,2003,3 Stars,../filmdata/b_films/bright-young-things.htm
"Bringing
    Down The House",2003,3 Stars,../filmdata/b_films/bringing_down_the_house.htm
"Bruce
    Almighty",2003,3 Stars,../filmdata/b_films/bruce_almighty.htm
"Bulletproof
    Monk",2003,3 Stars,../filmdata/b_films/bullitproof-monk.htm
Calendar Girls,2003,3 Stars,../filmdata/c_films/calendar_girls.htm
"Charlie's
    Angels - Full Throttle",2003,3 Stars,../filmdata/c_films/charlies_angels_full_throttle.htm
Cheaper By The Dozen,2003,3 Stars,../filmdata/c_films/cheaper_by_the_dozen.htm
"Code
    46",2003,3 Stars,../filmdata/c_films/code_46.htm
Cold Creek Monor,2003,3 Stars,../filmdata/c_films/cold-creek-manor.html
"Cold
    Mountain",2003,3 Stars,../filmdata/c_films/cold_mountain.htm
Core,2003,3 Stars,../filmdata/c_films/core.htm
Cradle 2 The Grave,2003,3 Stars,../filmdata/c_films/cradle-2-the-grave.htm
Daredevil,2003,3 Stars,../filmdata/d_films/daredevil.htm
"Down
    With Love",2003,3 Stars,../filmdata/d_films/down_with_love.htm
Duplex,2003,3 Stars,../filmdata/d_films/duplex.html
Elf,2003,3 Stars,../filmdata/e_films/elf.htm
"Freaky
    Friday",2003,3 Stars,../filmdata/f_films/freaky_friday.htm
Final Destination 2,2003,3 Stars,../filmdata/f_films/final_destination_2.htm
"Finding
    Nemo",2003,3 Stars,../filmdata/f_films/finding_nemo.htm
Foreigner,2003,3 Stars,../filmdata/f_films/foreigner.htm
Gothika,2003,3 Stars,../filmdata/g_films/gothika.htm
"Haunted
    Mansion",2003,3 Stars,../filmdata/h_films/haunted_mansion.htm
Hollywood Homicide,2003,3 Stars,../filmdata/h_films/hollywood_homicide.htm
Hope Springs,2003,3 Stars,../filmdata/h_films/hope_springs.htm
"How
    To Loose A Guy In 10  Days",2003,3 Stars,../filmdata/h_films/how_to_loose_a_guy_in_10_days.htm
"I
    Capture The Castle",2003,3 Stars,../filmdata/i_films/i_capture_the_castle.htm
"In
    Laws",2003,3 Stars,../filmdata/i_films/in_laws.htm
Identity,2003,3 Stars,../filmdata/i_films/identity.htm
Intermission,2003,3 Stars,../filmdata/i_films/intermission.html
Intolerable Cruelty,2003,3 Stars,../filmdata/i_films/intolerable_cruelty.html
It Runs In The Family,2003,3 Stars,../filmdata/i_films/it_runs_in_the_family.html
"Italian
    Job",2003,3 Stars,../filmdata/i_films/italian_job_2.htm
"Johnny
    English",2003,3 Stars,../filmdata/j_films/johnny_english.htm
Jeepers Creepers 2,2003,3 Stars,../filmdata/j_films/jeepers_crepers_2.htm
Kangaroo Jack,2003,3 Stars,../filmdata/k_films/kangaroo_jack.html
"Kill Bill
    Volume 1",2003,3 Stars,../filmdata/k_films/kill bill vol 1.htm
Killer Flood,2003,3 Stars,../filmdata/k_films/killer_flood.htm
King And Queen of Moonlight Bay,2003,3 Stars,../filmdata/k_films/king_and_queen_of_moonlight_bay.html
Lara Croft Tomb Raider Cradle Of Life,2003,3 Stars,../filmdata/l_films/lara_croft_cradle_of_life.htm
Last Samurai,2003,3 Stars,../filmdata/l_films/last_samurai.htm
League Of Extraordinary Gentlemen,2003,3 Stars,../filmdata/l_films/league_of_extrodinary_gentlemen.htm
Legally Blond 2,2003,3 Stars,../filmdata/l_films/legally_blond_2.htm
Lightning Bolts Of Destruction,2003,3 Stars,../filmdata/l_films/lightning_bolts_of_destruction.htm
"Lizzie
    McGuire Movie",2003,3 Stars,../filmdata/l_films/lizzie_mcguire_movie.htm
"Lord
    Of The Rings: Return Of The King",2003,3 Stars,../filmdata/l_films/lord_of_the_rings_3.htm
"Love
    Actually",2003,3 Stars,../filmdata/l_films/love_actually.htm
Love Comes Softly,2003,3 Stars,../filmdata/l_films/love_comes_softly.html
"Master
    And Commander: The Far Side Of The World",2003,3 Stars,../filmdata/m_films/master_and_comander_the_far_side_of_the_world.htm
"Matrix
    Reloaded",2003,3 Stars,../filmdata/m_films/matrix_reloaded.htm
"Matrix
    Revolutions",2003,3 Stars,../filmdata/m_films/matrix_revolutions.htm
The Medallion,2003,3 Stars,../filmdata/m_films/medallion.html
Missing,2003,3 Stars,../filmdata/m_films/missing.html
Monster,2003,3 Stars,../filmdata/m_films/monster.htm
Monster Makers,2003,3 Stars,../filmdata/m_films/monster_makers.html
My Boss's Daughter,2003,3 Stars,../filmdata/m_films/my_boss_daughter.htm
Out For A Kill,2003,3 Stars,../filmdata/o_films/out_for_a_kill.htm
Paradise Virus,2003,3 Stars,../filmdata/p_films/paradise_virus.html
Paycheck,2003,3 Stars,../filmdata/p_films/paycheck.htm
"Peter
    Pan",2003,3 Stars,../filmdata/p_films/peter_pan_2.htm
Phone Booth,2003,3 Stars,../filmdata/p_films/phone_booth.htm
Picking Up and Dropping Off,2003,3 Stars,../filmdata/p_films/picking_up_and_dropping_off.html
"Pirates
    Of The Caribbean: Curse Of The Black Pearl",2003,3 Stars,../filmdata/p_films/pirates_of_the_caribbean.htm
Reckoning,2003,3 Stars,../filmdata/r_films/reckoning.htm
Recruit,2003,3 Stars,../filmdata/r_films/recruit.htm
Red Water,2003,3 Stars,../filmdata/r_films/red_water.html
Scary Movie 3,2003,3 Stars,../filmdata/s_films/scary_movie_3.htm
"School
    Of Rock",2003,3 Stars,../filmdata/s_films/school_of_rock.htm
Scorched,2003,3 Stars,../filmdata/s_films/scorched.html
Secret Santa,2003,3 Stars,../filmdata/s_films/secret_santa.html
See Jane Date,2003,3 Stars,../filmdata/s_films/see_jane_date.html
"Shanghai
    Knights",2003,3 Stars,../filmdata/s_films/shanghai_knights.htm
Sin Eater,2003,3 Stars,../filmdata/s_films/sin_eater.htm
Singing Detective,2003,3 Stars,../filmdata/s_films/singing_detective.html
Something's Gotta Give,2003,3 Stars,../filmdata/s_films/somethings_gotta_give.htm
Sparkling Cyanide,2003,3 Stars,../filmdata/s_films/sparkling-cyanide-2003.html
"Stage
    Beauty",2003,3 Stars,../filmdata/s_films/stage_beauty.htm
Station Agent,2003,3 Stars,../filmdata/s_films/station_agent.html
Stealing Christmas,2003,3 Stars,../filmdata/s_films/stealing_christmas.html
Straight From The Heart,2003,3 Stars,../filmdata/s_films/straight_from_the_heart.html
Sumuru,2003,3 Stars,../filmdata/s_films/sumuru.html
Sylvia,2003,3 Stars,../filmdata/s_films/sylvia.htm
Tears Of The Sun,2003,3 Stars,../filmdata/t_films/tears_of_the_sun.html
Terminator 3 Rise Of The Machines,2003,3 Stars,../filmdata/t_films/terminator_3.htm
Terror Peak,2003,3 Stars,../filmdata/t_films/terror_peak.html
"Texas
    Chainsaw Massacre",2003,3 Stars,../filmdata/t_films/texas_chainsaw_massacre_2.htm
Timeline,2003,3 Stars,../filmdata/t_films/timeline.htm
Transporter,2003,3 Stars,../filmdata/t_films/transporter.htm
"Two
    Weeks Notice",2003,3 Stars,../filmdata/t_films/two_weeks_notice.htm
Undercover Christmas,2003,3 Stars,../filmdata/u_films/undercover_christmas.html
Underworld,2003,3 Stars,../filmdata/u_films/underworld.htm
View From The Top,2003,3 Stars,../filmdata/v_films/view_from_the_top.html
What A Girl Wants,2003,3 Stars,../filmdata/w_films/what_a_girl_wants.htm
"White
    Oleander",2003,3 Stars,../filmdata/w_films/white_oleander.htm
X2,2003,3 Stars,../filmdata/x_films/x2.htm
The Lord Of The Rings: Return Of The King,2003,3 Stars,../filmdata/l_films/lord_of_the_rings_3.htm
Lost In Translation,2003,,../filmdata/l_films/lost_in_translation.htm
"Master And Commander: The Far
    Side Of The World",2003,,../filmdata/m_films/master_and_comander_the_far_side_of_the_world.htm
Sean Penn,2003,,../actor/p_actor/penn-sean.htm
Johnny Depp,2003,,../actor/d_actor/depp_johnny.htm
"Pirates of the Caribbean:
        The Curse of the Black Pearl",2003,,../filmdata/p_films/pirates_of_the_caribbean.htm
Ben Kingsley,2003,,../actor/k_actor/kingsley_ben.htm
Jude Law,2003,,../actor/l_actor/law_jude.htm
Cold Mountain,2003,,../filmdata/c_films/cold_mountain.htm
Bill Murray,2003,,../actor/m_actor/murray_bill.htm
"Charlize
        Theron",2003,,../actress/t_actress/theron_charlize.htm
Diane Keaton,2003,,../actress/k_actress/keaton_diane.htm
Samantha Morton,2003,,../actress/m_actress/morton_samantha.htm
Naomi Watts,2003,,../actress/w_actress/watts_naomi.htm
"13 Going
    On 30",2004,3 Stars,../filmdata/1_films/13_going_on_30.htm
"50 First
    Dates",2004,3 Stars,../filmdata/1_films/50_first_dates.htm
After The Sunset,2004,3 Stars,../filmdata/a_films/after_the_sunset.htm
Alfie,2004,3 Stars,../filmdata/a_films/alfie_2.htm
Alien vs Predator,2004,3 Stars,../filmdata/a_films/alien_vs_predator.htm
Along Came Polly,2004,3 Stars,../filmdata/a_films/along_came_polly.htm
Anacondas; Hunt For Blood Orchid,2004,3 Stars,../filmdata/a_films/anacondas_hunt_for_blood_orchid.htm
"Around
    The World In 80 Days",2004,3 Stars,../filmdata/a_films/around_the_world_in_80_days_2.htm
Aviator,2004,3 Stars,../filmdata/a_films/aviator.htm
Blade Trinity,2004,3 Stars,../filmdata/b_films/blade_tinity.html
Blue Demon,2004,3 Stars,../filmdata/b_films/blue_demon.html
Bourne Supremacy,2004,3 Stars,../filmdata/b_films/bourne_supremacy.htm
Boyfriend For Christmas,2004,3 Stars,../filmdata/b_films/boyfriend_for_christmas.htm
Bridget Jones: Edge Of Reason,2004,3 Stars,../filmdata/b_films/bridget_jones_edge_of_reason.htm
Catwoman,2004,3 Stars,../filmdata/c_films/catwoman.htm
Cellular,2004,3 Stars,../filmdata/c_films/cellular.htm
Christmas At Water's Edge,2004,3 Stars,../filmdata/c_films/christmas_at_waters_edge.html
Chronicles Of Riddick,2004,3 Stars,../filmdata/c_films/chronicles_of_riddick.htm
Cinderella Story,2004,3 Stars,../filmdata/c_films/cinderella-story.htm
Confessions of a Teenage Drama Queen,2004,3 Stars,../filmdata/c_films/confessions_of_a_teenage_drama_queen.html
Connie And Carla,2004,3 Stars,../filmdata/c_films/connie_and_carla.html
Creep,2004,3 Stars,../filmdata/c_films/creep.htm
Dawn Of The Dead,2004,3 Stars,../filmdata/d_films/dawn_of_the_dead.htm
"Day
    After Tomorrow",2004,3 Stars,../filmdata/d_films/day_after_tomorrow.htm
Day Of The Dead,2004,3 Stars,../filmdata/d_films/day_of_the_dead.htm
Dear Frankie,2004,3 Stars,../filmdata/d_films/dear_frankie.htm
Deep Evil,2004,3 Stars,../filmdata/d_films/deep_evil.html
Dinocroc,2004,3 Stars,../filmdata/d_films/dinocroc.html
Dodgeball: A True Underdog Story,2004,3 Stars,../filmdata/d_films/dodgeball.htm
Dragon Storm,2004,3 Stars,../filmdata/d_films/dragon_storm.html
Ella Enchanted,2004,3 Stars,../filmdata/e_films/ella_enchanted.html
Enduring Love,2004,3 Stars,../filmdata/e_films/enduring_love.html
Euro Trip,2004,3 Stars,../filmdata/e_films/euro_trip.html
Everything,2004,3 Stars,../filmdata/e_films/everything.html
Eve's Christmas,2004,3 Stars,../filmdata/e_films/eves_christmas.htm
Farscape Peacekeeper Wars,2004,3 Stars,../filmdata/f_films/farscape_peacekeeper_wars.html
"Finding
    Neverland",2004,3 Stars,../filmdata/f_films/findind_neverland.htm
First Daughter,2004,3 Stars,../filmdata/f_films/first_daughter.html
"Five
    Children And It",2004,3 Stars,../filmdata/f_films/five_children_and_it.htm
Frankenstein,2004,3 Stars,../filmdata/f_films/frankenstein.html
Freshman Orientation,2004,3 Stars,../filmdata/f_films/freshman_orientation.html
Garden State,2004,3 Stars,../filmdata/g_films/garden_state.html
Gargoyle's Revenge,2004,3 Stars,../filmdata/g_films/gargoyles_revenge.html
George and the Dragon,2004,3 Stars,../filmdata/g_films/george-and-the-dragon.html
Girl With A Pearl Earring,2004,3 Stars,../filmdata/g_films/girl_with_a_pearl_earring.htm
Gladiatress,2004,3 Stars,../filmdata/g_films/gladiatress.html
Good Woman,2004,3 Stars,../filmdata/g_films/good_woman.htm
Grudge,2004,3 Stars,../filmdata/g_films/grudge.htm
"Harry
    Potter And The Prisoner Of Azkaban",2004,3 Stars,../filmdata/h_films/harry_potter_prisoner_of_azkaban.htm
Hellboy,2004,3 Stars,../filmdata/h_films/hellboy.htm
Hotel Rwanda,2004,3 Stars,../filmdata/h_films/hotel_rwanda.htm
Human Stain,2004,3 Stars,../filmdata/h_films/human_stain.htm
I Do (But I Don't),2004,3 Stars,../filmdata/i_films/i_do_but_i_dont.html
I Robot,2004,3 Stars,../filmdata/i_films/i_robot.htm
Incredibles,2004,3 Stars,../filmdata/i_films/incedibles.htm
Just Desserts,2004,3 Stars,../filmdata/j_films/just_desserts.html
Keeper,2004,3 Stars,../filmdata/k_films/keeper.htm
"Kill
    Bill Volume 2",2004,3 Stars,../filmdata/k_films/kill bill vol 2.htm
King Arthur,2004,3 Stars,../filmdata/k_films/king_arthur.htm
King Solomon's Mines,2004,3 Stars,../filmdata/k_films/king_solomons_mines_2004.html
"Ladies
    In Lavender",2004,3 Stars,../filmdata/l_films/ladies_in_lavender.htm
Ladykillers,2004,3 Stars,../filmdata/l_films/ladykillers.htm
Layer Cake,2004,3 Stars,../filmdata/l_films/layer_cake.html
Libertine,2004,3 Stars,../filmdata/l_films/libertine.htm
Librarian: Quest For The Spear,2004,3 Stars,../filmdata/l_films/librarian_quest_for_the_spear.htm
"Life
    And Death Of Peter Sellers",2004,3 Stars,../filmdata/l_films/life_and_death_of_peter_sellers.htm
The Life Aquatic with Steve Zissou,2004,3 Stars,../filmdata/l_films/life_aquatic_with_steve_zissou.html
"Lost
    In Translation",2004,3 Stars,../filmdata/l_films/lost_in_translation.htm
Love's Enduring Promise,2004,3 Stars,../filmdata/l_films/loves_enduring_promise.html
"Manchurian
    Candidate",2004,3 Stars,../filmdata/m_films/manchurian_candidate.htm
"Mean
    Girls",2004,3 Stars,../filmdata/m_films/mean_girls.htm
"Meet The
    Fockers",2004,3 Stars,../filmdata/m_films/meet_the_fockers.htm
Merchant Of Venice,2004,3 Stars,../filmdata/m_films/merchant_of_venice.htm
Million Dollar Baby,2004,3 Stars,../filmdata/m_films/million_dollar_baby.htm
Mindhunters,2004,3 Stars,../filmdata/m_films/mindhunters.htm
Mind Of The Crime,2004,3 Stars,../filmdata/m_films/mind_of_the_crime.html
Mona Lisa Smile,2004,3 Stars,../filmdata/m_films/mona_lisa_smile.htm
Monster Island,2004,3 Stars,../filmdata/m_films/monster_island.html
Murdoch Mysteries: Poor Tom Is Cold,2004,3 Stars,../filmdata/m_films/murdoch_mysteries_poor_tom_is_cold.html
My Summer Of Love,2004,3 Stars,../filmdata/m_films/my_summer_of_love.html
National Treasure,2004,3 Stars,../filmdata/n_films/national_treasure.htm
Notebook,2004,3 Stars,../filmdata/n_films/notebook.html
"Phantom
    of The Opera",2004,3 Stars,../filmdata/p_films/phantom_of_the_opera.htm
Polar Express,2004,3 Stars,../filmdata/p_films/polar_express.htm
Post Impact,2004,3 Stars,../filmdata/p_films/post_impact.html
Primer,2004,3 Stars,../filmdata/p_films/primer.html
Princess And Me,2004,3 Stars,../filmdata/p_films/prince_and_me.htm
"Princess
    Diaries 2",2004,3 Stars,../filmdata/p_films/princess_diaries_2.htm
Raising Helen,2004,3 Stars,../filmdata/r_films/raising_helen.htm
Resident Evil Apocalypse,2004,3 Stars,../filmdata/r_films/resident_evil_apocalypse.htm
"Scooby Doo 2:
    Monsters Unleashed",2004,3 Stars,../filmdata/s_films/scoobydoo_2.htm
Secret Window,2004,3 Stars,../filmdata/s_films/secret_window.html
"Series
    Of Unfortunate Events",2004,3 Stars,../filmdata/s_films/series_of_unfortunate_events.htm
Shall We Dance,2004,3 Stars,../filmdata/s_films/shall_we_dance.htm
Shaun Of The Dead,2004,3 Stars,../filmdata/s_films/shaun_of_the_dead.htm
"Shrek
    2",2004,3 Stars,../filmdata/s_films/shrek_2.htm
Sherlock Holmes and the Case of the Silk Stocking,2004,3 Stars,../filmdata/s_films/sherlock_holmes_and_the_case_of_the_silk_stocking.html
Silver Hawk,2004,3 Stars,../filmdata/s_films/silver_hawk.html
Single Santa Seeks Mrs Claus,2004,3 Stars,../filmdata/s_films/single_santa_seeks_mrs_claus.html
Sky Captain And The World Of Tomorrow,2004,3 Stars,../filmdata/s_films/sky_captain_and_world_of_tomorrow.htm
Sleepover,2004,3 Stars,../filmdata/s_films/sleepover.html
Snakehead Terror,2004,3 Stars,../filmdata/s_films/snakehead_terror.html
Snow,2004,3 Stars,../filmdata/s_films/snow.html
Spanglish,2004,3 Stars,../filmdata/s_films/spanglish.html
Spiderman 2,2004,3 Stars,../filmdata/s_films/spiderman_2.htm
"Starsky
    And Hutch",2004,3 Stars,../filmdata/s_films/starsky_and_hutch.htm
Starship Troopers 2,2004,3 Stars,../filmdata/s_films/starship_troopers_2.html
"Stepford
    Wives",2004,3 Stars,../filmdata/s_films/stepford_wives.htm
Surviving Love,2004,3 Stars,../filmdata/s_films/surviving_love.html
Suspect Zero,2004,3 Stars,../filmdata/s_films/suspect_zero.html
Taxi,2004,3 Stars,../filmdata/t_films/taxi.htm
Terminal,2004,3 Stars,../filmdata/t_films/terminal.htm
Thing Below,2004,3 Stars,../filmdata/t_films/thing_below.html
Thunderbirds,2004,3 Stars,../filmdata/t_films/thunderbirds.htm
Tremors 4: The Legend Begins,2004,3 Stars,../filmdata/t_films/tremors_4.html
Troy,2004,3 Stars,../filmdata/t_films/troy.htm
Under The Tuscan Sun,2004,3 Stars,../filmdata/u_films/under_the_tuscan_sun.htm
Van Helsing,2004,3 Stars,../filmdata/v_films/van-helsing.htm
"Vanity
    Fair",2004,3 Stars,../filmdata/v_films/vanity_fair.htm
Village,2004,3 Stars,../filmdata/v_films/village.htm
White Chicks,2004,3 Stars,../filmdata/w_films/white_chicks.htm
Wimbledon,2004,3 Stars,../filmdata/w_films/wimbledon.htm
Win a Date With Tad Hamilton!,2004,3 Stars,../filmdata/w_films/win_a_date_with_tad_hamilton.html
The Aviator,2004,,../filmdata/a_films/aviator.htm
Finding Neverland,2004,,../filmdata/f_films/findind_neverland.htm
Jamie Foxx,2004,,../actor/f_actor/foxx_jamie.html
Don Cheadle,2004,,../actor/c_actor/cheadle-don.htm
Johnny Depp,2004,,../actor/d_actor/depp_johnny.htm
Leonardo DiCaprio,2004,,../actor/d_actor/dicaprio-leonardo.htm
Clint Eastwood,2004,,../actor/e_actor/eastwood_clint.htm
Hilary Swank,2004,,../actress/s_actress/swank_hilary.htm
"Million
        Dollar Baby",2004,,../filmdata/m_films/million_dollar_baby.htm
"Annette
    Bening",2004,,../actress/b_actress/bening_annette.htm
"Imelda
    Staunton",2004,,../actress/s_actress/staunton-imelda.htm
Kate Winslet,2004,,../actress/w_actress/winslet_kate.htm
40 Year Old Virgin,2005,3 Stars,../filmdata/1_films/40-year-old-virgin.html
Absolute Zero,2005,3 Stars,../filmdata/a_films/absolute_zero.htm
Adventures of Sharkboy and Lavagirl,2005,3 Stars,../filmdata/a_films/adventures-of-sharkboy-and-lavagirl.html
Alone In The Dark,2005,3 Stars,../filmdata/a_films/alone_in_the_dark.html
American Haunting,2005,3 Stars,../filmdata/a_films/american_haunting.html
Are We There Yet?,2005,3 Stars,../filmdata/a_films/are_we_there_yet.htm
Assault On Precinct 13,2005,3 Stars,../filmdata/a_films/assault_on_precinct_13.html
Batman Begins,2005,3 Stars,../filmdata/b_films/batman_begins.htm
Best Man,2005,3 Stars,../filmdata/b_films/best_man.html
Bewitched,2005,3 Stars,../filmdata/b_films/bewitched.htm
Big White,2005,3 Stars,../filmdata/b_films/big_white.htm
Blood of the Vikings,2005,3 Stars,../filmdata/b_films/blood_of_the_vikings.html
Boogeyman,2005,3 Stars,../filmdata/b_films/boogeyman.html
Broken Flowers,2005,3 Stars,../filmdata/b_films/broken_flowers.html
Brothers Grimm,2005,3 Stars,../filmdata/b_films/brothers-grimm.html
Caught In The Headlights,2005,3 Stars,../filmdata/c_films/caught_in_the_headlights.html
Cave,2005,3 Stars,../filmdata/c_films/cave.html
"Charlie
    And The Chocolate Factory",2005,3 Stars,../filmdata/c_films/charlie_and_the_chocolate_factory.htm
Chasing Cristmas,2005,3 Stars,../filmdata/c_films/chasing_christmas.html
Cheaper By The Dozen 2,2005,3 Stars,../filmdata/c_films/cheaper_by_the_dozen_2.htm
Christmas Blessing,2005,3 Stars,../filmdata/c_films/christmas_blessing.html
Christmas In Boston,2005,3 Stars,../filmdata/c_films/christmas_in_boston.html
"Chronicles
    Of Narnia: The Lion, The Witch And The Wardrobe",2005,3 Stars,../filmdata/c_films/chronicles_narnia_lion_witch_wardrobe.htm
Cock And Bull Story,2005,3 Stars,../filmdata/c_films/cock-and-bull-story.html
Constant Gardener,2005,3 Stars,../filmdata/c_films/constant_gardener.htm
Constantine,2005,3 Stars,../filmdata/c_films/constantine.htm
"Corpse
    Bride",2005,3 Stars,../filmdata/c_films/corpse_bride.htm
Crazy For Christmas,2005,3 Stars,../filmdata/c_films/crazy_fo_christmas.html
Crimson Force,2005,3 Stars,../filmdata/c_films/crimson_force.html
Cursed,2005,3 Stars,../filmdata/c_films/cursed.htm
Daleks Invasion Earth 2150,2005,3 Stars,../filmdata/d_films/daleks-invasion-earth-2150.htm
Dark,2005,3 Stars,../filmdata/d_films/dark.html
Dark Water,2005,3 Stars,../filmdata/d_films/dark_water.html
Deadly Secrets,2005,3 Stars,../filmdata/d_films/deadly_secrets.html
Deck The Halls,2005,3 Stars,../filmdata/d_films/deck_the_halls_2005.html
Descent,2005,3 Stars,../filmdata/d_films/descent.htm
Do Not Disturb,2005,3 Stars,../filmdata/d_films/do_not_disturb.htm
Doom,2005,3 Stars,../filmdata/d_films/doom.htm
Down In The Valley,2005,3 Stars,../filmdata/d_films/down_in_the_valley.html
Dr Who And The Daleks,2005,3 Stars,../filmdata/d_films/dr_who_and_the_daleks.htm
Dukes of Hazzard,2005,3 Stars,../filmdata/d_films/dukes_of_hazzard.htm
Dungeons And Dragons 2,2005,3 Stars,../filmdata/d_films/dungeons_and_dragons_2.htm
Elizabethtown,2005,3 Stars,../filmdata/e_films/elizabethtown.htm
Evil Aliens,2005,3 Stars,../filmdata/e_films/evil_aliens.html
Family Stone,2005,3 Stars,../filmdata/f_films/family_stone.htm
"Fantastic
    Four",2005,3 Stars,../filmdata/f_films/fantastic_four.htm
Fever Pitch,2005,3 Stars,../filmdata/f_films/fever_pitch.htm
Flight Of The Phoenix,2005,3 Stars,../filmdata/f_films/flight_of_the_phoenix_2.htm
Fog,2005,3 Stars,../filmdata/f_films/fog_2005.htm
Fragile,2005,3 Stars,../filmdata/f_films/fragile.htm
Fun With Dick And Jane,2005,3 Stars,../filmdata/f_films/fun_with_dick_and_jane.htm
Girl In The Cafe,2005,3 Stars,../filmdata/g_films/girl_in_the_cafe.html
"Harry
    Potter And The Goblet Of Fire",2005,3 Stars,../filmdata/h_films/harry_potter_goblet_of_fire.htm
Heidi,2005,3 Stars,../filmdata/h_films/heidi.html
Her Minor Thing,2005,3 Stars,../filmdata/h_films/her_minor_thing.html
Herbie Fully Loaded,2005,3 Stars,../filmdata/h_films/herbie_fully_loaded.html
Hide And Seek,2005,3 Stars,../filmdata/h_films/hide_and_seek.html
His And Her Christmas,2005,3 Stars,../filmdata/h_films/his_and_her_christmas.html
Hitch,2005,3 Stars,../filmdata/h_films/hitch.htm
"Hitch
    Hikers Guide To The Galaxy",2005,3 Stars,../filmdata/h_films/hitch_hikers_guide_to_the_galaxy.htm
Home For The Holidays,2005,3 Stars,../filmdata/h_films/home_for_the_holidays.htm
Hoodwinked,2005,3 Stars,../filmdata/h_films/hoodwinked.html
House Of Wax,2005,3 Stars,../filmdata/h_films/house_of_wax.html
In Her Shoes,2005,3 Stars,../filmdata/i_films/in_her_shoes.htm
Interpreter,2005,3 Stars,../filmdata/i_films/interpreter.htm
Into The Blue,2005,3 Stars,../filmdata/i_films/into_the_blue.htm
Into The Sun,2005,3 Stars,../filmdata/i_films/into_the_sun.html
Island,2005,3 Stars,../filmdata/i_films/island.htm
Jane Doe - Vanishing Act,2005,3 Stars,../filmdata/j_films/jane_doe_vanishing_act.html
Jane Doe - Wrong Face,2005,3 Stars,../filmdata/j_films/jane_doe_wrong_face.html
Jesse Stone: Stone Cold,2005,3 Stars,../filmdata/j_films/jesse_stone_stone_cold.html
Junebug,2005,3 Stars,../filmdata/j_films/junebug.html
Just Friends,2005,3 Stars,../filmdata/j_films/just_friends.html
Keeping Mum,2005,3 Stars,../filmdata/k_films/keeping_mum.htm
King Kong,2005,3 Stars,../filmdata/k_films/king kong 3.htm
Komodo vs Cobra,2005,3 Stars,../filmdata/k_films/komodo_vs_cobra.html
Lassie,2005,3 Stars,../filmdata/l_films/lassie.html
Legend Of Zoro,2005,3 Stars,../filmdata/l_films/legend_of_zoro.htm
Little Fish,2005,3 Stars,../filmdata/l_films/little_fish.htm
Longest Yard,2005,3 Stars,../filmdata/l_films/longest_yard.htm
Madagascar,2005,3 Stars,../filmdata/m_films/madagascar.htm
"Magic
    Roundabout",2005,3 Stars,../filmdata/m_films/magic_roundabout.htm
Man Thing,2005,3 Stars,../filmdata/m_films/man_thing.html
Matador,2005,3 Stars,../filmdata/m_films/matador.html
"Match
    Point",2005,3 Stars,../filmdata/m_films/match_point.htm
Mirrormask,2005,3 Stars,../filmdata/m_films/mirrrormask.html
"Miss
    Congeniality 2",2005,3 Stars,../filmdata/m_films/miss_congeniality_2.htm
Mistress Of Spices,2005,3 Stars,../filmdata/m_films/mistress_of_spices.htm
Monster In Law,2005,3 Stars,../filmdata/m_films/monster_in_law.htm
Mr and Mrs Smith,2005,3 Stars,../filmdata/m_films/mr_ mrs_smith.htm
"Mrs
    Henderson Presents",2005,3 Stars,../filmdata/m_films/mrs_henderson_presents.htm
Mrs Palfrey At The Claremont,2005,3 Stars,../filmdata/m_films/mrs_palfrey_at_the_claremont.html
Must Love Dogs,2005,3 Stars,../filmdata/m_films/must_love_dogs.html
Mysterious Island,2005,3 Stars,../filmdata/m_films/mysterious_island_2005.html
Mystery Woman: Game Time,2005,3 Stars,../filmdata/m_films/mystery_woman_game_time.html
Mystery Woman: Mystery Weekend,2005,3 Stars,../filmdata/m_films/mystery_woman_mystery_weekend.html
Mystery Woman: Sing Me A Murder,2005,3 Stars,../filmdata/m_films/mystery_woman_sing_me_a_murder.html
Mystery Woman: Snapshot,2005,3 Stars,../filmdata/m_films/mystery_woman_snapshot.html
Mystery Woman: Vision Of A Murder,2005,3 Stars,../filmdata/m_films/mystery_woman_vision_of_a_murder.html
"Nanny
    McPhee",2005,3 Stars,../filmdata/n_films/nanny_mcphee.htm
Path Of Destruction,2005,3 Stars,../filmdata/p_films/path_of_destruction.html
Perfect Man,2005,3 Stars,../filmdata/p_films/perfect_man.html
"Pride
    And Prejudice",2005,3 Stars,../filmdata/p_films/pride_and_prejudice.htm
Prime,2005,3 Stars,../filmdata/p_films/prime.htm
Producers,2005,3 Stars,../filmdata/p_films/producers.htm
Recipe For A Perfect Christmas,2005,3 Stars,../filmdata/r_films/recipe_for_a_perfect_christmas.html
Ring 2,2005,3 Stars,../filmdata/r_films/ring_2.htm
Romance & Cigarettes,2005,3 Stars,../filmdata/r_films/romance_and_cigarettes.html
Rumor Has It,2005,3 Stars,../filmdata/r_films/rumor_has_it.htm
Sahara,2005,3 Stars,../filmdata/s_films/sahara.htm
Saw 2,2005,3 Stars,../filmdata/s_films/saw_2.htm
Serenity,2005,3 Stars,../filmdata/s_films/serenity.htm
Shopgirl,2005,3 Stars,../filmdata/s_films/shopgirl.htm
Silence Becomes You,2005,3 Stars,../filmdata/s_films/silence_becomes_you.html
Sin City,2005,3 Stars,../filmdata/s_films/sin_city.html
"Sisterhood
    Of The Travelling Pants",2005,3 Stars,../filmdata/s_films/sisterhood_of_the_traveling_pants.htm
Skeleton Key,2005,3 Stars,../filmdata/s_films/skeleton_key.html
Sky High,2005,3 Stars,../filmdata/s_films/sky_high.html
Sleeping With The Enemy,2005,3 Stars,../filmdata/s_films/sleeping_with_the_enemy_2.htm
Spirit Trap,2005,3 Stars,../filmdata/s_films/spirit_trap.htm
Stealth,2005,3 Stars,../filmdata/s_films/stealth.html
The Strange Case of Sherlock Holmes and Arthur Conan Doyle,2005,3 Stars,../filmdata/s_films/strange-case-of-sherlock-holmes-and-arthur-conan-doyle.html
Sub Zero,2005,3 Stars,../filmdata/s_films/sub_zero.html
Submerged,2005,3 Stars,../filmdata/s_films/submerged.htm
Supernova,2005,3 Stars,../filmdata/s_films/supernova.html
Tara Road,2005,3 Stars,../filmdata/t_films/tara_road.html
Transamerica,2005,3 Stars,../filmdata/t_films/transamerica.html
Trust The Man,2005,3 Stars,../filmdata/t_films/trust_the_man.html
Urban Legends: Bloody Mary,2005,3 Stars,../filmdata/u_films/urban-legends-bloody-mary.html
Vampire Bats,2005,3 Stars,../filmdata/v_films/vampire_bats.html
War Of The Worlds,2005,3 Stars,../filmdata/w_films/war_of_the_worlds_2.htm
"Wedding
    Crashers",2005,3 Stars,../filmdata/w_films/wedding_crashers.htm
Wedding Date,2005,3 Stars,../filmdata/w_films/wedding_date.htm
White Noise,2005,3 Stars,../filmdata/w_films/white_noise.html
Widow On The Hill,2005,3 Stars,../filmdata/w_films/widow_on_the_hill.html
World's Fastest Indian,2005,3 Stars,../filmdata/w_films/worlds_fastest_indian.html
Zathura,2005,3 Stars,../filmdata/z_films/zathura.htm
Philip Seymour Hoffman,2005,,../actor/h_actor/hoffman_philip_seymour.html
Heath Ledger,2005,,../actor/l_actor/ledger_heath.htm
Joaquin Phoenix,2005,,../actor/p_actor/phoenix_joaquin.htm
Reese Witherspoon,2005,,../actress/w_actress/witherspoon_reese.htm
"Judi
    Dench",2005,,../actress/d_actress/dench_judi.htm
"Mrs. Henderson
    Presents",2005,,../filmdata/m_films/mrs_henderson_presents.htm
Felicity Huffman,2005,,../actress/h_actress/huffman-felicity.html
Keira Knightley,2005,,../actress/k_actress/knightley_keira.htm
Pride & Prejudice,2005,,../filmdata/p_films/pride_and_prejudice.htm
Charlize Theron,2005,,../actress/t_actress/theron_charlize.htm
300,2006,3 Stars,../filmdata/1_films/300.htm
5ive Girls,2006,3 Stars,../filmdata/1_films/5ive_girls.html
Abandoned,2006,3 Stars,../filmdata/a_films/abandoned.html
Accidental Witness,2006,3 Stars,../filmdata/a_films/accidental-witness.html
Alien Autopsy,2006,3 Stars,../filmdata/a_films/alien_autopsy.html
All The Boys Love Mandy Lane,2006,3 Stars,../filmdata/a_films/all_the_boys_love_mandy_lane.html
Amazing Grace,2006,3 Stars,../filmdata/a_films/amazing_grace.htm
Aquamarine,2006,3 Stars,../filmdata/a_films/aquamarine.html
Babel,2006,3 Stars,../filmdata/b_films/babel.htm
Basilisk: The Serpent King,2006,3 Stars,../filmdata/b_films/basilisk-the-serpent-king.html
Black Christmas,2006,3 Stars,../filmdata/b_films/black_christmas.html
Black Hole,2006,3 Stars,../filmdata/b_films/black_hole_2006.html
Black Sheep,2006,3 Stars,../filmdata/b_films/black_sheep.html
Blood Diamond,2006,3 Stars,../filmdata/b_films/blood_diamond.htm
Borat: Cultural Learnings of America for Make Benefit Glorious Nation of Kazakhstan,2006,3 Stars,../filmdata/b_films/borat.html
Butterfly Effect,2006,3 Stars,../filmdata/b_films/butterfly_effect_2.htm
Cars,2006,3 Stars,../filmdata/c_films/cars.htm
Casino Royale,2006,3 Stars,../filmdata/c_films/casino_royale_2.htm
Caved In,2006,3 Stars,../filmdata/c_films/caved_in.html
Celestine Prophecy,2006,3 Stars,../filmdata/c_films/celestine-prophecy.htm
Children Of Men,2006,3 Stars,../filmdata/c_films/children-of-men.htm
Christmas Card,2006,3 Stars,../filmdata/c_films/christmas_card.html
Click,2006,3 Stars,../filmdata/c_films/click.html
Confetti,2006,3 Stars,../filmdata/c_films/confetti.html
Contract,2006,3 Stars,../filmdata/c_films/contract.htm
Crank,2006,3 Stars,../filmdata/c_films/crank.html
Curse Of King Tut's Tomb,2006,3 Stars,../filmdata/c_films/curse_of_king_tuts_tomb.html
Da Vinci Code,2006,3 Stars,../filmdata/d_films/da-vinci-code.htm
Dark Storm,2006,3 Stars,../filmdata/d_films/dark_storm.html
Date Movie,2006,3 Stars,../filmdata/d_films/date-movie.htm
Deck The Halls,2006,3 Stars,../filmdata/d_films/deck-the-halls.htm
Deja Vu,2006,3 Stars,../filmdata/d_films/deja_vu.html
Devil Wears Prada,2006,3 Stars,../filmdata/d_films/devil_wears_prada.htm
Dragon,2006,3 Stars,../filmdata/d_films/dragon.html
Dragon Dynasty,2006,3 Stars,../filmdata/d_films/dragon_dynasty.html
Eight Below,2006,3 Stars,../filmdata/e_films/eight_below.html
Employee Of The Month,2006,3 Stars,../filmdata/e_films/employee-of-the-month.htm
Eragon,2006,3 Stars,../filmdata/e_films/eragon.html
Failure To Launch,2006,3 Stars,../filmdata/f_films/failure_to_launch.htm
Firewall,2006,3 Stars,../filmdata/f_films/firewall.htm
Fountain,2006,3 Stars,../filmdata/f_films/fountain.htm
Good Year,2006,3 Stars,../filmdata/g_films/good_year.htm
Goya's Ghosts,2006,3 Stars,../filmdata/g_films/goyas_ghosts.html
Gray Matters,2006,3 Stars,../filmdata/g_films/gray_matters.html
Guardian,2006,3 Stars,../filmdata/g_films/guardian.html
"High
    School Musical",2006,3 Stars,../filmdata/h_films/high_school_musical.htm
Holiday,2006,3 Stars,../filmdata/h_films/holiday.htm
Holiday Wishes,2006,3 Stars,../filmdata/h_films/holiday_wishes.htm
Hollow Man II,2006,3 Stars,../filmdata/h_films/hollow_man_2.html
Hollywoodland,2006,3 Stars,../filmdata/h_films/hollywoodland.html
Honeymoon With Mom,2006,3 Stars,../filmdata/h_films/honeymoon_with_mom.html
Idiocracy,2006,3 Stars,../filmdata/i_films/idiocracy.html
Inside Man,2006,3 Stars,../filmdata/i_films/inside_man.html
Inspector Mom,2006,3 Stars,../filmdata/i_films/inspector-mom.html
Irresistable,2006,3 Stars,../filmdata/i_films/irresistable.html
It's A Boy Girl Thing,2006,3 Stars,../filmdata/i_films/its_a_boy_girl_thing.htm
Jesse Stone: Night Passage,2006,3 Stars,../filmdata/j_films/jesse_stone_night_passage.html
Jesse Stone: Death In Paradise,2006,3 Stars,../filmdata/j_films/jesse_stone_death_in_paradise.html
Jindabyne,2006,3 Stars,../filmdata/j_films/jindabyne.html
Last Holiday,2006,3 Stars,../filmdata/l_films/last_holiday.htm
Last Winter,2006,3 Stars,../filmdata/l_films/last_winter.html
Librarian: Return To King Solomon's Mines,2006,3 Stars,../filmdata/l_films/librarian_return_to_king_solomons_mines.htm
Little Miss Sunshine,2006,3 Stars,../filmdata/l_films/little_miss_sunshine.htm
"Live Once, Die Twice",2006,3 Stars,../filmdata/l_films/live_once_die_twice.html
Long Lost Son,2006,3 Stars,../filmdata/l_films/long_lost_son.html
Magma Volcanic Disaster,2006,3 Stars,../filmdata/m_films/magma_volcanic_disaster.htm
Mammoth,2006,3 Stars,../filmdata/m_films/mammoth.html
Man Of The Year,2006,3 Stars,../filmdata/m_films/man_of_the_year.html
Marie Antoinette,2006,3 Stars,../filmdata/m_films/marie_antoinette.html
Miss Potter,2006,3 Stars,../filmdata/m_films/miss_potter.html
Mission Impossible 3,2006,3 Stars,../filmdata/m_films/mission_impossible_3.htm
Murder 101,2006,3 Stars,../filmdata/m_films/murder_101.html
My Super Ex-Girlfriend,2006,3 Stars,../filmdata/m_films/my_super_ex_girlfriend.htm
Mystery Woman: At First Sight,2006,3 Stars,../filmdata/m_films/mystery_woman_at_first_sight.html
Mystery Woman Oh Baby,2006,3 Stars,../filmdata/m_films/mystery_woman_oh_baby.html
Mystery Woman: Redemption,2006,3 Stars,../filmdata/m_films/mystery_woman_redemption.html
Mystery Woman: Wild West Mystery,2006,3 Stars,../filmdata/m_films/mystery_woman_wild_west_mystery.html
Nina's Heavenly Delights,2006,3 Stars,../filmdata/n_films/ninas_heavenly_delights.html
Night At The Museum,2006,3 Stars,../filmdata/n_films/night_at_the_museum.htm
Night Listener,2006,3 Stars,../filmdata/n_films/night_listener.html
Notes On A Scandal,2006,3 Stars,../filmdata/n_films/notes_on_a_scandal.html
Omen,2006,3 Stars,../filmdata/o_films/omen_2006.html
Painted Veil,2006,3 Stars,../filmdata/p_films/painted_veil.html
Paradise Lost,2006,3 Stars,../filmdata/p_films/paradise_lost.htm
Penelope,2006,3 Stars,../filmdata/p_films/penelope_2006.html
Perfect Creature,2006,3 Stars,../filmdata/p_films/perfect_creature.html
Perfume: The Story Of A Murderer,2006,3 Stars,../filmdata/p_films/perfume_story_of_a_murderer.htm
"Pink
    Panther",2006,3 Stars,../filmdata/p_films/pink_panther_2.htm
Pirates Of The Caribbean: Dead Man's Chest,2006,3 Stars,../filmdata/p_films/pirates_of_the_caribbean_dead_mans_chest.htm
Playing House,2006,3 Stars,../filmdata/p_films/playing_house.html
Poseidon,2006,3 Stars,../filmdata/p_films/poseidon.htm
Pursuit Of Happyness,2006,3 Stars,../filmdata/p_films/pursuit_of_happyness.htm
Queen,2006,3 Stars,../filmdata/q_films/queen.htm
Road To Christmas,2006,3 Stars,../filmdata/r_films/road_to_christmas.html
RV: Runaway Vacation,2006,3 Stars,../filmdata/r_films/rv_runaway_vacation.html
Santa Baby,2006,3 Stars,../filmdata/s_films/santa_baby.html
Scoop,2006,3 Stars,../filmdata/s_films/scoop.html
Sentinel,2006,3 Stars,../filmdata/s_films/sentinel.html
Seraphim Falls,2006,3 Stars,../filmdata/s_films/seraphim_falls.html
Severance,2006,3 Stars,../filmdata/s_films/severance.htm
Silent Hill,2006,3 Stars,../filmdata/s_films/silent_hill.htm
"She's The
    Man",2006,3 Stars,../filmdata/s_films/shes_the_man.htm
Slither,2006,3 Stars,../filmdata/s_films/slither.html
Small Engine Repair,2006,3 Stars,../filmdata/s_films/small_engine_repair.html
Snakes On A Plane,2006,3 Stars,../filmdata/s_films/snakes_on_a_plane.htm
Starter for 10,2006,3 Stars,../filmdata/s_films/starter_for_10.html
Stormbreaker,2006,3 Stars,../filmdata/s_films/stormbreaker.htm
Stranger Than Fiction,2006,3 Stars,../filmdata/s_films/stranger_than_fiction.htm
Superman Returns,2006,3 Stars,../filmdata/s_films/superman_returns.html
Sweeney Todd,2006,3 Stars,../filmdata/s_films/sweeney_todd.html
Tenacious D in The Pick Of Destiny,2006,3 Stars,../filmdata/t_films/tenacious_d_in_the_pick_of_destiny.htm
Tristan And Isolde,2006,3 Stars,../filmdata/t_films/tristan_and_isolde.html
Under The Mistletoe,2006,3 Stars,../filmdata/u_films/under_the_mistlletoe.html
V For Vendetta,2006,3 Stars,../filmdata/v_films/v_for_vendetta.htm
What I Did For Love,2006,3 Stars,../filmdata/w_films/what_i_did_for_love.html
Wicker Man,2006,3 Stars,../filmdata/w_films/wicker_man_2.htm
Zoom,2006,3 Stars,../filmdata/z_films/zoom.htm
The Queen,2006,,../filmdata/q_films/queen.htm
Forest Whitaker,2006,,../actor/w_actor/whitaker_forest.htm
"Leonardo
    DeCaprio",2006,,../actor/d_actor/dicaprio-leonardo.htm
Ryan Gosling,2006,,../actor/g_actor/gosling_ryan.html
Peter O'Toole,2006,,../actor/o_actor/otoole_peter.htm
"Will
    Smith",2006,,../actor/s_actor/smith_will.htm
"Pursuit
    Of Happyness",2006,,../filmdata/p_films/pursuit_of_happyness.htm
Helen Mirren,2006,,../actress/m_actress/mirren_helen.htm
Penelope Cruz,2006,,../actress/c_actress/cruz-penelope.htm
Judi Dench,2006,,../actress/d_actress/dench_judi.htm
Meryl Streep,2006,,../actress/s_actress/streep_meryl.htm
"Kate
    Winslett",2006,,../actress/w_actress/winslet_kate.htm
1408,2007,3 Stars,../filmdata/1_films/1408.html
28 Weeks Later,2007,3 Stars,../filmdata/1_films/28_weeks_later.html
2 Days In Paris,2007,3 Stars,../filmdata/1_films/2_days_in_paris.html
30000 Leagues Under The Sea,2007,3 Stars,../filmdata/1_films/30000_leagues_under_the_sea.html
30 Days Of Night,2007,3 Stars,../filmdata/1_films/30_days_of_night.htm
An Accidental Christmas,2007,3 Stars,../filmdata/a_films/accidental_christmas.html
Angels Fall,2007,3 Stars,../filmdata/a_films/angels_fall.html
Atonement,2007,3 Stars,../filmdata/a_films/atonement.htm
Aztec Rex,2007,3 Stars,../filmdata/a_films/aztec_rex.htm
Becoming Jane,2007,3 Stars,../filmdata/b_films/becoming_jane.html
Bee Movie,2007,3 Stars,../filmdata/b_films/bee_movie.htm
Beowulf,2007,3 Stars,../filmdata/b_films/beowulf.htm
Black Snake Moan,2007,3 Stars,../filmdata/b_films/black_snake_moan.htm
Blades Of Glory,2007,3 Stars,../filmdata/b_films/blades_of_glory.html
Blood And Chocolate,2007,3 Stars,../filmdata/b_films/blood-and-chocolate.html
Bone Eater,2007,3 Stars,../filmdata/b_films/bone_eater.html
Botched,2007,3 Stars,../filmdata/b_films/botched.html
Bridge To Terabithia,2007,3 Stars,../filmdata/b_films/bridge_to_terabithia.html
Butterfly On A  Wheel,2007,3 Stars,../filmdata/b_films/butterfly_on_a_wheel.html
Carolina Moon,2007,3 Stars,../filmdata/c_films/carolina_moon.html
Catacombs,2007,3 Stars,../filmdata/c_films/catacombs.html
Christmas Caper,2007,3 Stars,../filmdata/c_films/christmas_caper.html
Christmas in Wonderland,2007,3 Stars,../filmdata/c_films/christmas_in_wonderland.html
Claire,2007,3 Stars,../filmdata/c_films/claire.html
Croc,2007,3 Stars,../filmdata/c_films/croc.html
Dead Silence,2007,3 Stars,../filmdata/d_films/dead_silence.html
Death At A Funeral,2007,3 Stars,../filmdata/d_films/death-at-a-funeral.html
Death Defying Acts,2007,3 Stars,../filmdata/d_films/death_defying_acts.html
Demons From The Past,2007,3 Stars,../filmdata/d_films/demons-from-the-past.html
Disturbia,2007,3 Stars,../filmdata/d_films/disturbia.html
Elizabeth The Golden Age,2007,3 Stars,../filmdata/e_films/elizabeth_the_golden_age.htm
Enemy Within,2007,3 Stars,../filmdata/e_films/enemy_within.html
Enchanted,2007,3 Stars,../filmdata/e_films/enchanted.htm
Epic Movie,2007,3 Stars,../filmdata/e_films/epic_movie.htm
Evan Almighty,2007,3 Stars,../filmdata/e_films/evan-almighty.htm
Eye Of The Beast,2007,3 Stars,../filmdata/e_films/eye_of_the_beast.htm
Family Holiday,2007,3 Stars,../filmdata/f_films/family_holiday.html
Fantastic Four Rise Of The Silver Surfer,2007,3 Stars,../filmdata/f_films/fantastic_four_rise_of_the_silver_surfer.html
Flawless,2007,3 Stars,../filmdata/f_films/flawless.html
Framed For Murder,2007,3 Stars,../filmdata/f_films/framed_for_murder.html
Fred Claus,2007,3 Stars,../filmdata/f_films/fred_claus.html
Golden Compass,2007,3 Stars,../filmdata/g_films/golden_compass.html
Good Luck Chuck,2007,3 Stars,../filmdata/g_films/good_luck_chuck.html
Hairspray,2007,3 Stars,../filmdata/h_films/hairspray.htm
"Harry
    Potter Order Of The Phoenix",2007,3 Stars,../filmdata/h_films/harry_potter_order_phoenix.htm
Heartbreak Kid,2007,3 Stars,../filmdata/h_films/heartbreak_kid.htm
High School Musical 2,2007,3 Stars,../filmdata/h_films/high_school_musical_2.htm
Hitman,2007,3 Stars,../filmdata/h_films/hitman.html
Holiday In Handcuffs,2007,3 Stars,../filmdata/h_films/holiday_in_handcuffs.html
Holiday Switch,2007,3 Stars,../filmdata/h_films/holiday_switch.html
Hot Fuzz,2007,3 Stars,../filmdata/h_films/hot_fuzz.htm
Hot Rod,2007,3 Stars,../filmdata/h_films/hot_rod.htm
Hybrid,2007,3 Stars,../filmdata/h_films/hybrid.htm
I Am Legend,2007,3 Stars,../filmdata/i_films/i_am_legend.html
In Search Of A Midnight Kiss,2007,3 Stars,../filmdata/i_films/in_search_of_a_midnight_kiss.html
In The Name Of The King,2007,3 Stars,../filmdata/i_films/in_the_name_of_the_king.html
In The Valley Of Elah,2007,3 Stars,../filmdata/i_films/in_the_valley_of_elah.html
Into The Wild,2007,3 Stars,../filmdata/i_films/into_the_wild.html
Irina Palm,2007,3 Stars,../filmdata/i_films/irina_palm.html
Jane Doe: How To Fire Your Boss,2007,3 Stars,../filmdata/j_films/jane_doe_how_to_fire_your_boss.html
Jessse Stone: Sea Change,2007,3 Stars,../filmdata/j_films/jesse_stone_sea_change.html
Inspector Mom Kidnapped In 10 Easy Steps,2007,3 Stars,../filmdata/i_films/inspector_mom_kidnapped_in_10_easy_steps.html
Invasion,2007,3 Stars,../filmdata/i_films/invasion.htm
Knocked Up,2007,3 Stars,../filmdata/k_films/knocked_up.htm
Lars and the Real Girl,2007,3 Stars,../filmdata/l_films/lars-and-the-real-girl.html
Lost Colony The Legend Of Roanoke,2007,3 Stars,../filmdata/l_films/lost_colony_the_legend_of_roanoke.html
Lost Holiday,2007,3 Stars,../filmdata/l_films/lost_holiday.html
Lookout,2007,3 Stars,../filmdata/l_films/lookout.htm
Love Is A Four Letter Word,2007,3 Stars,../filmdata/l_films/love_is_a_four_letter_word.html
Margot At The Wedding,2007,3 Stars,../filmdata/m_films/margot_at_the_wedding.htm
The Mist,2007,3 Stars,../filmdata/m_films/mist.html
Mr Magorium's Wonder Emporium,2007,3 Stars,../filmdata/m_films/mr_magoriums_wonder_emporium.htm
Mrs Worthington's Party,2007,3 Stars,../filmdata/m_films/mrs_worthingtons_party.html
Music And Lyrics,2007,3 Stars,../filmdata/m_films/music_and_lyrics.htm
My Name Is Bruce,2007,3 Stars,../filmdata/m_films/my_name_is_bruce.htm
Mystery Woman In The Shadows,2007,3 Stars,../filmdata/m_films/mystery_woman_in_the_shadows.html
National Treasure: Book of Secrets,2007,3 Stars,../filmdata/n_films/national_treasure_book_of_secrets.htm
Nancy Drew,2007,3 Stars,../filmdata/n_films/nancy_drew.html
Nature Of The Beast,2007,3 Stars,../filmdata/n_films/nature_of_the_beast.htm
Next,2007,3 Stars,../filmdata/n_films/next.html
No Country For Old Men,2007,3 Stars,../filmdata/n_films/no_country_for_old_men.html
No Reservations,2007,3 Stars,../filmdata/n_films/no_reservations.htm
Northanger Abbey,2007,3 Stars,../filmdata/n_films/northanger-abbey.html
Nuclear Hurricane,2007,3 Stars,../filmdata/n_films/nuclear_hurricane.html
Pathfinder,2007,3 Stars,../filmdata/p_films/pathfinder.html
Perfect Stranger,2007,3 Stars,../filmdata/p_films/perfect_stranger.html
Pirates Of The Caribbean: World's End,2007,3 Stars,../filmdata/p_films/pirates_of_the_caribbean_worlds_end.htm
Planet Terror,2007,3 Stars,../filmdata/p_films/planet_terror.html
Premonition,2007,3 Stars,../filmdata/p_films/premonition.htm
P.S. I Love You,2007,3 Stars,../filmdata/p_films/ps_i_love_you.htm
Ratatouille,2007,3 Stars,../filmdata/r_films/ratatouille.html
Reaping,2007,3 Stars,../filmdata/r_films/reaping.htm
Reign Of The Gargoyles,2007,3 Stars,../filmdata/r_films/reign_of_the_gargoyles.html
Rogue,2007,3 Stars,../filmdata/r_films/rogue.html
Run Fatboy Run,2007,3 Stars,../filmdata/r_films/run_fatboy_run.htm
Sands Of Oblivion,2007,3 Stars,../filmdata/s_films/sands_of_oblivion.htm
Sarah Landon And The Paranormal Hour,2007,3 Stars,../filmdata/s_films/sarah_landon_paranormal_hour.html
Savages,2007,3 Stars,../filmdata/s_films/savages.html
Seeker: The Dark Is Rising,2007,3 Stars,../filmdata/s_films/seeker_the_dark_is_rising.htm
Seventeen And Missing,2007,3 Stars,../filmdata/s_films/seventeen_and_missing.html
Shrek 3,2007,3 Stars,../filmdata/s_films/shrek_3.htm
Shrooms,2007,3 Stars,../filmdata/s_films/shrooms.html
Sleuth,2007,3 Stars,../filmdata/s_films/sleuth_2.htm
Snowglobe,2007,3 Stars,../filmdata/s_films/snowglobe.html
Something Beneath,2007,3 Stars,../filmdata/s_films/something_beneath.html
Sparkle,2007,3 Stars,../filmdata/s_films/sparkle.html
Species: The Awakening,2007,3 Stars,../filmdata/s_films/species_awakening.htm
Spiderman 3,2007,3 Stars,../filmdata/s_films/spiderman_3.htm
St Trinian's,2007,3 Stars,../filmdata/s_films/st_trinians.htm
Stardust,2007,3 Stars,../filmdata/s_films/stardust.htm
Sunshine,2007,3 Stars,../filmdata/s_films/sunshine.htm
Sweeny Todd Demon Barber Of Fleet Street,2007,3 Stars,../filmdata/s_films/sweeny_todd.html
Sydney White,2007,3 Stars,../filmdata/s_films/sydney_white.html
Termination Point,2007,3 Stars,../filmdata/t_films/termination_point.html
Then She Found Me,2007,3 Stars,../filmdata/t_films/then_she_found_me.htm
Tipping Point,2007,3 Stars,../filmdata/t_films/tipping_point.html
Transformers,2007,3 Stars,../filmdata/t_films/transformers.htm
Unearthed,2007,3 Stars,../filmdata/u_films/unearthed.html
Vacancy,2007,3 Stars,../filmdata/v_films/vacancy.htm
Waitress,2007,3 Stars,../filmdata/w_films/waitress.htm
Water Horse,2007,3 Stars,../filmdata/w_films/water_horse.html
Wedding Wish,2007,3 Stars,../filmdata/w_films/wedding_wish.html
Wind Chill,2007,3 Stars,../filmdata/w_films/wind_chill.html
"No
        Country For Old Men",2007,,../filmdata/n_films/no_country_for_old_men.html
"Daniel
    Day Lewis",2007,,../actor/d_actor/day_lewis_daniel.htm
George Clooney,2007,,../actor/c_actor/clooney_george.htm
Johnny Depp,2007,,../actor/d_actor/depp_johnny.htm
Tommy Lee Jones,2007,,../actor/j_actor/jones-tommy-lee.htm
Vigo Mortenson,2007,,../actor/m_actor/mortensen_viggo.htm
Marion Cotillard,2007,,../actress/c_actress/cotillard_marion.html
Cate Blanchett,2007,,../actress/b_actress/blanchett_cate.htm
Julie Christe,2007,,../actress/c_actress/christie_julie.htm
Laura Linney,2007,,../actress/l_actress/linney_laura.htm
100 Million BC,2008,1 Star,../filmdata/1_films/100_million_BC.htm
2012 Doomsday,2008,1 Star,../filmdata/1_films/2012_doomsday.html
27 Dresses,2008,1 Star,../filmdata/1_films/27_dresses.htm
39 Steps,2008,1 Star,../filmdata/1_films/39_steps_2008.html
Accidental Husband,2008,1 Star,../filmdata/a_films/accidental_husband.html
Anaconda 3,2008,1 Star,../filmdata/a_films/anaconda_3.html
Angus Thongs And Perfect Snogging,2008,1 Star,../filmdata/a_films/angus-thongs-and-perfect-snogging.htm
Australia,2008,1 Star,../filmdata/a_films/australia.html
Ba'al,2008,1 Star,../filmdata/b_films/baal.html
Babylon AD,2008,1 Star,../filmdata/b_films/babylon_ad.html
Backwoods,2008,1 Star,../filmdata/b_films/backwoods.htm
Bank Job,2008,1 Star,../filmdata/b_films/bank_job.html
Bathory,2008,1 Star,../filmdata/b_films/bathory.html
Beau Jest,2008,1 Star,../filmdata/b_films/beau_jest.html
Bedtime Stories,2008,1 Star,../filmdata/b_films/bedtime_stories.html
Beverly Hills Chihuahua,2008,1 Star,../filmdata/b_films/beverly_hill_chihuahua.html
Beyond Loch Ness,2008,1 Star,../filmdata/b_films/beyond_loch_ness.htm
Black Widow,2008,1 Star,../filmdata/b_films/black_widow_2.htm
Brideshead Revisited,2008,1 Star,../filmdata/b_films/brideshead_revisited.htm
Bunch Of Amateurs,2008,1 Star,../filmdata/b_films/bunch_of_amateurs.html
Burn After Reading,2008,1 Star,../filmdata/b_films/burn_after_reading.html
Changeling,2008,1 Star,../filmdata/c_films/changeling.html
Children,2008,1 Star,../filmdata/c_films/children.html
Christmas Clause,2008,1 Star,../filmdata/c_films/christmas_clause.html
Christmas Proposal,2008,1 Star,../filmdata/c_films/christmas_proposal.html
Christmas Town,2008,1 Star,../filmdata/c_films/christmas_town.html
Chronicles Of Narnia: Prince Caspian,2008,1 Star,../filmdata/c_films/chronicles_narnia_prince_caspian.htm
City Of Ember,2008,1 Star,../filmdata/c_films/city_of_ember.html
Crystal River,2008,1 Star,../filmdata/c_films/crystal_river.html
Date With Murder,2008,1 Star,../filmdata/d_films/date_with_murder.html
Day The Stood Still,2008,1 Star,../filmdata/d_films/day_the_earth_stood_still.html
Disaster Movie,2008,1 Star,../filmdata/d_films/disaster-movie.htm
Doomsaday,2008,1 Star,../filmdata/d_films/doomsday.html
Doubt,2008,1 Star,../filmdata/d_films/doubt.html
Dr Jekyll And Mr Hyde,2008,1 Star,../filmdata/d_films/dr_jekyll_and_mr_hyde.html
Duchess,2008,1 Star,../filmdata/d_films/duchess.html
Easy Virtue,2008,1 Star,../filmdata/e_films/easy_viirtue.html
Edge Of Love,2008,1 Star,../filmdata/e_films/edge-of-love.html
Eye,2008,1 Star,../filmdata/e_films/eye.html
Fall Of Hyperion,2008,1 Star,../filmdata/f_films/fall_of_hyperion.html
Flashbacks Of A Fool,2008,1 Star,../filmdata/f_films/flashbacks_of_a_fool.html
Fool's Gold,2008,1 Star,../filmdata/f_films/fools_gold.htm
Forgetting Sarah Marsahll,2008,1 Star,../filmdata/f_films/forgetting_sarah_marshall.html
Four Christmases,2008,1 Star,../filmdata/f_films/four_christmases.html
Get Smart,2008,1 Star,../filmdata/g_films/get_smart.html
Ghost Town,2008,1 Star,../filmdata/g_films/ghost_town.html
Girl's Best Friend,2008,1 Star,../filmdata/g_films/girls_best_friend.html
Good Witch,2008,1 Star,../filmdata/g_films/good_witch.html
Hancock,2008,1 Star,../filmdata/h_films/hancock.htm
Happening,2008,1 Star,../filmdata/h_films/happening.html
Happy Go Lucky,2008,1 Star,../filmdata/h_films/happy_go_lucky.htm
Heatstroke,2008,1 Star,../filmdata/h_films/heatstroke.htm
Hellboy 2 The Golden Army,2008,1 Star,../filmdata/h_films/hellboy_2_golden_army.html
Hottie And The Nottie,2008,1 Star,../filmdata/h_films/hottie_and_the_nottie.html
House Bunny,2008,1 Star,../filmdata/h_films/house_bunny.html
How To Loose Friends & Alienate People,2008,1 Star,../filmdata/h_films/how_to_loose_friends_and_alienate_people.htm
Indiana Jones and the Kingdom of the Crystal Skull,2008,1 Star,../filmdata/i_films/indiana_jones_kingdom_of_the_crystal_skull.htm
Infected,2008,1 Star,../filmdata/i_films/infected.htm
Inkheart,2008,1 Star,../filmdata/i_films/inkheart.html
Iron Man,2008,1 Star,../filmdata/i_films/iron_man.html
Jack Hunter and the Lost Treasure of Ugarit,2008,1 Star,../filmdata/j_films/jack_hunter_and_the_lost_treasure_of_ugarit.html
Jane Doe: Eye Of The Beholder,2008,1 Star,../filmdata/j_films/jane_doe_eye_of_the_beholder.html
Journey To The Centre Of The Earth,2008,1 Star,../filmdata/j_films/journey_to_the_centre_of_the_earth_2008.htm
Jumper,2008,1 Star,../filmdata/j_films/jumper.htm
Just Add Water,2008,1 Star,../filmdata/j_films/just_add_water.html
Kung Fu Panda,2008,1 Star,../filmdata/k_films/kung_fu_panda.htm
Last Chance Harvey,2008,1 Star,../filmdata/l_films/last_chance_harvey.html
Librarian: Curse Of The Judas Chalice,2008,1 Star,../filmdata/l_films/librarian_curse_of_the_judas_chalice.html
Lost City Raiders,2008,1 Star,../filmdata/l_films/lost_city_raiders.html
Lost Treasure Of The Grand Canyon,2008,1 Star,../filmdata/l_films/lost_treasure_of_the_grand_canyon.html
Mad Money,2008,1 Star,../filmdata/m_films/mad_money.html
Made of Honour,2008,1 Star,../filmdata/m_films/made_of_honour.htm
Mail Order Bride,2008,1 Star,../filmdata/m_films/mail_order_bride.html
Mamma Mia,2008,1 Star,../filmdata/m_films/mamma_mia.htm
Maternal Obsession,2008,1 Star,../filmdata/m_films/maternal_obsession.html
Meet Dave,2008,1 Star,../filmdata/m_films/meet_dave.htm
Meet The Spartans,2008,1 Star,../filmdata/m_films/meet_the_spartans.html
Moonlight And Mistletoe,2008,1 Star,../filmdata/m_films/moonlight_and_mistletoe.html
Most Wonderful TIme Of The Year,2008,1 Star,../filmdata/m_films/most_wonderful_time_of_the_year.htm
Mummy - The Tomb Of The Dragon Emporer,2008,1 Star,../filmdata/m_films/mummy_tomb_of_the_dragon_emperor.htm
Nazi Dawn,2008,1 Star,../filmdata/n_films/nazi_dawn.html
Nightmare At The End Of The Hall,2008,1 Star,../filmdata/n_films/nightmare_at_the_end_of_the_hall.html
Nim's Island,2008,1 Star,../filmdata/n_films/nims_island.html
Ogre,2008,1 Star,../filmdata/o_films/ogre.htm
The Other Boleyn Girl,2008,1 Star,../filmdata/o_films/other_boleyn_girl.htm
Other Man,2008,1 Star,../filmdata/o_films/other_man.html
Outlander,2008,1 Star,../filmdata/o_films/outlander.html
Outpost,2008,1 Star,../filmdata/o_films/outpost.html
Passengers,2008,1 Star,../filmdata/p_films/passengers_2008.html
Prairie Fever,2008,1 Star,../filmdata/p_films/prairie_fever.html
Quantum Of Solace,2008,1 Star,../filmdata/q_films/quantum_of_solace.html
Rachel Getting Married,2008,1 Star,../filmdata/r_films/rachel_getting_married.html
Recount,2008,1 Star,../filmdata/r_films/recount.htm
Red Baron,2008,1 Star,../filmdata/r_films/red_baron.htm
Repo! The Genetic Opera,2008,1 Star,../filmdata/r_films/repo_the_genetic_opera.html
Revolutionary Road,2008,1 Star,../filmdata/r_films/revolutionary_road.html
Riddles Of The Sphinx,2008,1 Star,../filmdata/r_films/riddles_of_the_sphinx.html
Rock Monster,2008,1 Star,../filmdata/r_films/rock_monster.html
Rocker,2008,1 Star,../filmdata/r_films/rocker.htm
Secrets Of Pine Cove,2008,1 Star,../filmdata/s_films/secrets_of_pine_cove.html
Seventh Moon,2008,1 Star,../filmdata/s_films/seventh_moon.html
Smart People,2008,1 Star,../filmdata/s_films/smart_people.html
Snow 2,2008,1 Star,../filmdata/s_films/snow_2.html
Spiderwick Chronicles,2008,1 Star,../filmdata/s_films/spiderwick_chronicles.html
Splinter,2008,1 Star,../filmdata/s_films/splinter.html
Square,2008,1 Star,../filmdata/s_films/square.html
Stargate: The Ark Of Truth,2008,1 Star,../filmdata/s_films/stargate_the_ark_of_truth.htm
Starship Troopers 3,2008,1 Star,../filmdata/s_films/starship_troopers_3.html
Storm Seekers,2008,1 Star,../filmdata/s_films/storm_seekers.htm
Swamp Devil,2008,1 Star,../filmdata/s_films/swamp_devil.htm
Taken,2008,1 Star,../filmdata/t_films/taken.html
Toxic Skies,2008,1 Star,../filmdata/t_films/toxic_skies.htm
Transsiberian,2008,1 Star,../filmdata/t_films/transsiberian.html
Trial By Fire,2008,1 Star,../filmdata/t_films/trial_by_fire.html
Tropic Thunder,2008,1 Star,../filmdata/t_films/tropic_thunder.html
True Confessions Of A Hollywood Starlett,2008,1 Star,../filmdata/t_films/true_confessions_of_a_hollywood_starlett.html
Twilight,2008,1 Star,../filmdata/t_films/twilight.html
Vantage Point,2008,1 Star,../filmdata/v_films/vantage_point.html
Very Merry Daughter Of The Bride,2008,1 Star,../filmdata/v_films/very_merry_daughter_of_the_bride.html
Vicky Cristina Barcelona,2008,1 Star,../filmdata/v_films/vicky_cristina_barcelona.html
Vipers,2008,1 Star,../filmdata/v_films/vipers.html
Wackness,2008,1 Star,../filmdata/w_films/wackness.html
Wall-E,2008,1 Star,../filmdata/w_films/wall_e.htm
Wanted,2008,1 Star,../filmdata/w_films/wanted.html
What Happens In Vegas,2008,1 Star,../filmdata/w_films/what_happens_in_vegas.htm
Wild Child,2008,1 Star,../filmdata/w_films/wild_child.htm
Yes Man,2008,1 Star,../filmdata/y_films/yes_man.htm
Sean Penn,2008,,../actor/p_actor/penn-sean.htm
Brad Pitt,2008,,../actor/p_actor/pitt_brad.htm
Mickey Rourke,2008,,../actor/r_actor/rourke_mickey.htm
Kate Winslet,2008,,../actress/w_actress/winslet_kate.htm
Anne Hathaway,2008,,../actress/h_actress/hathaway_anne.htm
Rachel getting Married,2008,,../filmdata/r_films/rachel_getting_married.html
Angelina Jolie,2008,,../actress/j_actress/jolie_angelina.htm
Meryl Streep,2008,,../actress/s_actress/streep_meryl.htm
17 Again,2009,3 Stars,../filmdata/1_films/17_again.html
500 Days Of Summer,2009,3 Stars,../filmdata/1_films/500_days_of_summer.html
Adventureland,2009,3 Stars,../filmdata/a_films/adventureland.html
Against The Dark,2009,3 Stars,../filmdata/a_films/against_the_dark.html
An Education,2009,3 Stars,../filmdata/a_films/an_education.html
Anacondas: Trail Of Blood,2009,3 Stars,../filmdata/a_films/anacondas_trail_of_blood.html
Angel And The Badman,2009,3 Stars,../filmdata/a_films/angel-and-the-badman.html
Angels & Demons,2009,3 Stars,../filmdata/a_films/angels_and_demons.html
Annihilation Earth,2009,3 Stars,../filmdata/a_films/annihilation_earth.html
Avatar,2009,3 Stars,../filmdata/a_films/avatar.html
Beauty And The Beast,2009,3 Stars,../filmdata/b_films/beauty_and_the_beast_2.htm
Beyond Sherwood Forest,2009,3 Stars,../filmdata/b_films/beyond_sherwood_forest.html
Beyond The Fire,2009,3 Stars,../filmdata/b_films/beyond_the_fire.html
Blind Side,2009,3 Stars,../filmdata/b_films/blind_side.html
Boat That Rocked,2009,3 Stars,../filmdata/b_films/boat_that_rocked.html
Book Of Blood,2009,3 Stars,../filmdata/b_films/book_of_blood.html
Bride Wars,2009,3 Stars,../filmdata/b_films/bride_wars.html
Bright Star,2009,3 Stars,../filmdata/b_films/bright_star.html
Cabin Fever 2 Spring Fever,2009,3 Stars,../filmdata/c_films/cabin_fever_2_spring_fever.html
Chloe,2009,3 Stars,../filmdata/c_films/chloe.html
Christmas Angel,2009,3 Stars,../filmdata/c_films/christmas-angel.html
Christmas Hope,2009,3 Stars,../filmdata/c_films/christmas_hope.html
Cloudy With A Chance Of Meatballs,2009,3 Stars,../filmdata/c_films/cloudy_with_a_chance_of_meatballs.html
Confessions Of A Shopaholic,2009,3 Stars,../filmdata/c_films/confessions_of_a_shopaholic.html
Coraline,2009,3 Stars,../filmdata/c_films/coraline.htm
Couples Retreat,2009,3 Stars,../filmdata/c_films/couples_retreat.html
Creation,2009,3 Stars,../filmdata/c_films/creation.html
Damned United,2009,3 Stars,../filmdata/d_films/damned_united.html
Day Of The Triffids,2009,3 Stars,../filmdata/d_films/day_of_the_triffids_2009.htm
Daybreakers,2009,3 Stars,../filmdata/d_films/daybreakers.html
Deadline,2009,3 Stars,../filmdata/d_films/deadline.html
Dear Prudence,2009,3 Stars,../filmdata/d_films/dear_prudence.html
Did You Hear About The Morgans?,2009,3 Stars,../filmdata/d_films/did_you_hear_about_the_morgans.html
District 9,2009,3 Stars,../filmdata/d_films/district 9.html
Doghouse,2009,3 Stars,../filmdata/d_films/doghouse.html
Dorian Gray,2009,3 Stars,../filmdata/d_films/dorian_gray.html
Drag Me To Hell,2009,3 Stars,../filmdata/d_films/drag_me_to_hell.html
Duplicity,2009,3 Stars,../filmdata/d_films/duplicity.html
Eyeborgs,2009,3 Stars,../filmdata/e_films/eyeborgs.html
Fantastic Mr Fox,2009,3 Stars,../filmdata/f_films/fantastic_mr_fox.html
Fire From Below,2009,3 Stars,../filmdata/f_films/fire_from_below.htm
Flower Girl,2009,3 Stars,../filmdata/f_films/flower-girl.html
Forget Me Not,2009,3 Stars,../filmdata/f_films/forget_me_not_2009.html
Fourth Kind,2009,3 Stars,../filmdata/f_films/fourth_kind.html
Frequently Asked Questions About Time Travel,2009,3 Stars,../filmdata/f_films/frequently_asked_questions_about_time_travel.html
Friday The 13th,2009,3 Stars,../filmdata/f_films/friday_the_13th_2009.htm
From Time To Time,2009,3 Stars,../filmdata/f_films/from_time_to_time.html
G Force,2009,3 Stars,../filmdata/g_films/g_force.html
Gamer,2009,3 Stars,../filmdata/g_films/gamer.html
Ghost Town,2009,3 Stars,../filmdata/g_films/ghost_town_2009.html
Ghosts Of Girlfriends Past,2009,3 Stars,../filmdata/g_films/ghosts_of_girlfriends_past.html
GI Joe The Rise Of Cobra,2009,3 Stars,../filmdata/g_films/gi_joe_rise_of_the_cobra.html
Girl Who Kicked The Hornets Nest,2009,3 Stars,../filmdata/g_films/girl_who_kicked the_hornets_nest_2009.html
Girl Who Played With Fire,2009,3 Stars,../filmdata/g_films/girl_who_played_with_fire_2009.html
Girl With The Dragon Tattoo,2009,3 Stars,../filmdata/g_films/girl_with_the_dragon_tattoo_2009.html
Glorious 39,2009,3 Stars,../filmdata/g_films/glorious_39.html
Golden Christmas,2009,3 Stars,../filmdata/g_films/golden_christmas.html
Greta,2009,3 Stars,../filmdata/g_films/greta.html
Haunting Of Winchester House,2009,3 Stars,../filmdata/h_films/haunting_of_wichester_house.html
He's Just Not That Into You,2009,3 Stars,../filmdata/h_films/hes_just_not_that_into_you.html
High Plains Invaders,2009,3 Stars,../filmdata/h_films/high_plains_invaders.htm
Hole,2009,3 Stars,../filmdata/h_films/hole_2009.html
Human Centipede,2009,3 Stars,../filmdata/h_films/human_centipede.html
Hydra,2009,3 Stars,../filmdata/h_films/hydra.htm
In The Electric Mist,2009,3 Stars,../filmdata/i_films/in_the_electric_mist.html
Ice Twisters,2009,3 Stars,../filmdata/i_films/ice_twister.htm
Inglorious Basterds,2009,3 Stars,../filmdata/i_films/inglourious_basterds.html
Invention Of Lying,2009,3 Stars,../filmdata/i_films/invention_of_lying.htm
Invictus,2009,3 Stars,../filmdata/i_films/invictus.html
It's Complicated,2009,3 Stars,../filmdata/i_films/its_complicated.html
Jennifer's Body,2009,3 Stars,../filmdata/j_films/jennifers_body.html
Joneses,2009,3 Stars,../filmdata/j_films/joneses.html
Jesse Stone: Thin Ice,2009,3 Stars,../filmdata/j_films/jesse_stone_thin_ice.html
Julie & Julia,2009,3 Stars,../filmdata/j_films/julie_and_lulia.html
Keeper,2009,3 Stars,../filmdata/k_films/keeper_2009.html
Kicks,2009,3 Stars,../filmdata/k_films/kicks.html
Knowing,2009,3 Stars,../filmdata/k_films/knowing.html
Labor Pains,2009,3 Stars,../filmdata/l_films/labor_pains.html
Land Of The Lost,2009,3 Stars,../filmdata/l_films/land_of_the_lost.html
Land That Time Forgot,2009,3 Stars,../filmdata/l_films/land_that_time_forgot_2009.htm
Lesbian Vampire Killers,2009,3 Stars,../filmdata/l_films/lesbian_vampire_killers.html
Lightning Strikes,2009,3 Stars,../filmdata/l_films/ligtning_strikes.html
Lodger,2009,3 Stars,../filmdata/l_films/lodger_2009.html
Lovely Bones,2009,3 Stars,../filmdata/l_films/lovely_bones.htm
Love Happens,2009,3 Stars,../filmdata/l_films/love_happens.html
Malibu Shark Attack,2009,3 Stars,../filmdata/m_films/malibu_shark_attack.html
Mega Shark vs Giant Octopus,2009,3 Stars,../filmdata/m_films/mega_shark_vs_giant_octopus.htm
Monsters vs Aliens,2009,3 Stars,../filmdata/m_films/monsters_vs_aliens.html
Moon,2009,3 Stars,../filmdata/m_films/moon.html
Mrs Miracle,2009,3 Stars,../filmdata/m_films/mrs_miracle.html
Mrs Washington Goes To Smith,2009,3 Stars,../filmdata/m_films/mrs_washington_goes_to_smith.html
Motherhood,2009,3 Stars,../filmdata/m_films/motherhood.html
My Bloody Valentine,2009,3 Stars,../filmdata/m_films/my_bloody_valentine.html
My Fake Fiance,2009,3 Stars,../filmdata/m_films/my_fake_fiance.html
New In Town,2009,3 Stars,../filmdata/n_films/new_in_town.html
Night At The Museum 2,2009,3 Stars,../filmdata/n_films/night_the_museum_2.html
Night Of The Demons,2009,3 Stars,../filmdata/n_films/night_of_the_demons.html
Pandorum,2009,3 Stars,../filmdata/p_films/pandorum.html
Perfect Getaway,2009,3 Stars,../filmdata/p_films/perfect_getaway.html
Polar Storm,2009,3 Stars,../filmdata/p_films/polar_storm.htm
Post Grad,2009,3 Stars,../filmdata/p_films/post_grad.html
Private Lives Of Pipa Lee,2009,3 Stars,../filmdata/p_films/private_lives_of_pipa_lee.html
Princess Of Mars,2009,3 Stars,../filmdata/p_films/princess_of_mars.html
Proposal,2009,3 Stars,../filmdata/p_films/proposal.html
Rebound,2009,3 Stars,../filmdata/r_films/rebound.html
Reptisaurus,2009,3 Stars,../filmdata/r_films/reptisaurus.html
Reykjavik Whale Watching Massacre,2009,3 Stars,../filmdata/r_films/reykjavik_whale_watching_massacre.html
Ring Of Deceit,2009,3 Stars,../filmdata/r_films/ring_of_deceit.html
Salvage,2009,3 Stars,../filmdata/s_films/salvage.html
Santa Baby 2,2009,3 Stars,../filmdata/s_films/santa_baby_2.html
Single Man,2009,3 Stars,../filmdata/s_films/single_man.html
Sister's Secret,2009,3 Stars,../filmdata/s_films/sisters_secret.html
Solitary,2009,3 Stars,../filmdata/s_films/solitary.html
Solomon Kane,2009,3 Stars,../filmdata/s_films/solomon_kane.html
Sorority Row,2009,3 Stars,../filmdata/s_films/sorority_row.html
Splice,2009,3 Stars,../filmdata/s_films/splice.html
Spread,2009,3 Stars,../filmdata/s_films/spread.html
Star Runners,2009,3 Stars,../filmdata/s_films/star_runners.html
Star Trek,2009,3 Stars,../filmdata/s_films/star_trek.html
Storage,2009,3 Stars,../filmdata/s_films/storage.html
Surrogates,2009,3 Stars,../filmdata/s_films/surrogates.html
Terminator Salvation,2009,3 Stars,../filmdata/t_films/terminator_salvation.html
Thaw,2009,3 Stars,../filmdata/t_films/thaw.html
Three Gifts,2009,3 Stars,../filmdata/t_films/three_gifts.html
Time Traveller's Wife,2009,3 Stars,../filmdata/t_films/time_travellers_wife.html
Today's Special,2009,3 Stars,../filmdata/t_films/todays_special.html
Triangle,2009,3 Stars,../filmdata/t_films/triangle.htm
Ugly Truth,2009,3 Stars,../filmdata/u_films/ugly_truth.html
Under The Mountain,2009,3 Stars,../filmdata/u_films/under_the_mountain.html
Uninvited,2009,3 Stars,../filmdata/u_films/uninvited.html
Up,2009,3 Stars,../filmdata/u_films/up.html
Up In The Air,2009,3 Stars,../filmdata/u_films/up_in_the_air.html
War Wolves,2009,3 Stars,../filmdata/w_films/war_wolves.htm
Watchmen,2009,3 Stars,../filmdata/w_films/watchmen.html
Whiteout,2009,3 Stars,../filmdata/w_films/whiteout.html
Wishing Well,2009,3 Stars,../filmdata/w_films/wishing_well.html
Wyvern,2009,3 Stars,../filmdata/w_films/wyvern.html
Year One,2009,3 Stars,../filmdata/y_films/year_one.html
Young Victoria,2009,3 Stars,../filmdata/y_films/young_victoria.html
Zombieland,2009,3 Stars,../filmdata/z_films/zombieland.html
Inglourious Basterds,2009,,../filmdata/i_films/inglourious_basterds.html
Jeff Bridges,2009,,../actor/b_actor/bridges_jeff.htm
George Clooney,2009,,../actor/c_actor/clooney_george.htm
Colin Firth,2009,,../actor/f_actor/firth_colin.htm
Morgan Freeman,2009,,../actor/f_actor/freeman_morgan.htm
Sandra Bullock,2009,,../actress/b_actress/bullock-sandra.htm
Helen Mirren,2009,,../actress/m_actress/mirren_helen.htm
Carey Mulligan,2009,,../actress/m_actress/mulligan_carey.html
Meryl Streep,2009,,../actress/s_actress/streep_meryl.htm
13Hrs,2010,2 Stars,../filmdata/1_films/13hrs.html
2010 Moby Dick,2010,2 Stars,../filmdata/1_films/2010_moby_dick.html
7 Adventures Of Sinbad,2010,2 Stars,../filmdata/1_films/7_adventures_of_sinbad.htm
Abandoned,2010,2 Stars,../filmdata/a_films/abandoned.html
Archipelago,2010,2 Stars,../filmdata/a_films/archipelago.html
Airline Disaster,2010,2 Stars,../filmdata/a_films/airline_disaster.htm
Alice In Wonderland,2010,2 Stars,../filmdata/a_films/alice_in_wonderland.htm
Altitude,2010,2 Stars,../filmdata/a_films/altitude.html
American,2010,2 Stars,../filmdata/a_films/american.html
Another Year,2010,2 Stars,../filmdata/a_films/another_year.html
Arctic Blast,2010,2 Stars,../filmdata/a_films/arctic_blast.html
Arctic Predator,2010,2 Stars,../filmdata/a_films/arctic_predator.html
Arrietty,2010,2 Stars,../filmdata/a_films/arrietty.html
Beauty and the Briefcase,2010,2 Stars,../filmdata/b_films/beauty-and-the-briefcase.html
Black Death,2010,2 Stars,../filmdata/b_films/black_death.html
Black Swan,2010,2 Stars,../filmdata/b_films/black_swan.html
Book Of Eli,2010,2 Stars,../filmdata/b_films/book_of_eli.html
Cancel Christmas,2010,2 Stars,../filmdata/c_films/cancel_christmas.html
Cemetery Junction,2010,2 Stars,../filmdata/c_films/cemetry_junction.html
Centurion,2010,2 Stars,../filmdata/c_films/centurion.html
Christmas Cupid,2010,2 Stars,../filmdata/c_films/christmas-cupid.html
Christmas Mail,2010,2 Stars,../filmdata/c_films/christmas_mail.html
Christmas Snow,2010,2 Stars,../filmdata/c_films/christmas-snow.html
Chronicles Of Narnia Voyage Of The Dawn Treader,2010,2 Stars,../filmdata/c_films/chronicles_narnia_voyage_of_the_dawn_treader.html
Closed For The Season,2010,2 Stars,../filmdata/c_films/closed_for_the_season.html
Coach,2010,2 Stars,../filmdata/c_films/coach.html
Cold Weather,2010,2 Stars,../filmdata/c_films/cold_weather.html
Dark Relic,2010,2 Stars,../filmdata/d_films/dark-relic.html
Date Night,2010,2 Stars,../filmdata/d_films/date_night.html
Deadly Honeymoon,2010,2 Stars,../filmdata/d_films/deadly_honeymoon.html
Dinocroc vs Supergator,2010,2 Stars,../filmdata/d_films/dinocroc_vs_supergator.htm
Dog Who Saved Christmas Vacation,2010,2 Stars,../filmdata/d_films/dog_who_saved_christmas_vacation.html
Don't Be Afraid Of The Dark,2010,2 Stars,../filmdata/d_films/dont_be_afraid_of_the_dark.html
Double Wedding,2010,2 Stars,../filmdata/d_films/double_wedding.html
Edge Of Darkness,2010,2 Stars,../filmdata/e_films/edge_of_darkness.html
Elevator Girl,2010,2 Stars,../filmdata/e_films/elevator-girl.html
Expecting Mary,2010,2 Stars,../filmdata/e_films/expecting-mary.html
Fairfield Road,2010,2 Stars,../filmdata/f_films/fairfield_road.html
Forget Me Not,2010,2 Stars,../filmdata/f_films/forget_me_not.html
Frozen,2010,2 Stars,../filmdata/f_films/frozen.html
Furry Vengence,2010,2 Stars,../filmdata/f_films/furry_vengence.html
Ghost,2010,2 Stars,../filmdata/g_films/ghost_2.html
Gift Of The Magi,2010,2 Stars,../filmdata/g_films/gift_of_the_magi.html
Goblin,2010,2 Stars,../filmdata/g_films/goblin.html
Good Witch's Gift,2010,2 Stars,../filmdata/g_films/good_witchs_gift.html
Growing The Big One,2010,2 Stars,../filmdata/g_films/growing_the_big_one.html
Gulliver's Travels,2010,2 Stars,../filmdata/g_films/gullivers_travels.html
How Do You Know,2010,2 Stars,../filmdata/h_films/how_do_you_know.html
How To Train Your Dragon,2010,2 Stars,../filmdata/h_films/how_to_train_your_dragon.html
Hunter Prey,2010,2 Stars,../filmdata/h_films/hunter_prey.html
Hypothermia,2010,2 Stars,../filmdata/h_films/hypothermia.html
Insidious,2010,2 Stars,../filmdata/i_films/insidious.html
Just Wright,2010,2 Stars,../filmdata/j_films/just_wright.html
Killers,2010,2 Stars,../filmdata/k_films/killers.html
King's Speech,2010,2 Stars,../filmdata/k_films/kings_speech.htm
Knight And Day,2010,2 Stars,../filmdata/k_films/knight_and_day.html
Lake Placid 3,2010,2 Stars,../filmdata/l_films/lake_placid_3.html
Last Rites Of Ransom Pride,2010,2 Stars,../filmdata/l_films/last_rites_of_ransom_pride.html
Leap Year,2010,2 Stars,../filmdata/l_films/leap_year.html
Let Me In,2010,2 Stars,../filmdata/l_films/let_me_in.html
Life As We Know It,2010,2 Stars,../filmdata/l_films/life_as_we_know_it.html
London Boulevard,2010,2 Stars,../filmdata/l_films/london_boulevard.html
Lost Future,2010,2 Stars,../filmdata/l_films/lost_future.html
Love & Other Drugs,2010,2 Stars,../filmdata/l_films/love_and_other_drugs.html
Lying To Be Perfect,2010,2 Stars,../filmdata/l_films/lying_to_be_perfect.html
MacGruber,2010,2 Stars,../filmdata/m_films/macgruber.html
Made in Dagenham,2010,2 Stars,../filmdata/m_films/made_in_dagenham.html
Mandrake,2010,2 Stars,../filmdata/m_films/mandrake.html
Mars,2010,2 Stars,../filmdata/m_films/mars.html
Meek's Cutoff,2010,2 Stars,../filmdata/m_films/meeks_cutoff.html
Mega Piranha,2010,2 Stars,../filmdata/m_films/mega_piranha.html
Megaconda,2010,2 Stars,../filmdata/m_films/megaconda.html
Merlin And The Book Of Beasts,2010,2 Stars,../filmdata/m_films/merlin_and_the_book_of_beasts.html
Miracle In Manhattan,2010,2 Stars,../filmdata/m_films/miracle_in_manhattan.html
Mongolian Death Worm,2010,2 Stars,../filmdata/m_films/mongolian_death_worm.html
Monsters,2010,2 Stars,../filmdata/m_films/monsters.html
Monsterwolf,2010,2 Stars,../filmdata/m_films/monsterwolf.htm
Monstro!,2010,2 Stars,../filmdata/m_films/monstro.html
Mothman,2010,2 Stars,../filmdata/m_films/mothman.html
My Family's Secret,2010,2 Stars,../filmdata/m_films/my_familys_secret.html
My Girlfriend's Boyfriend,2010,2 Stars,../filmdata/m_films/my_girlfriends_boyfriend.html
Nanny McPhee and the Big Bang,2010,2 Stars,../filmdata/n_films/nanny_mcphee_and_the_big_bang.html
Nanny For Christmas,2010,2 Stars,../filmdata/n_films/nanny_for_christmas.html
Never Let Me Go,2010,2 Stars,../filmdata/n_films/never_let_me_go.html
Next Stop Murder,2010,2 Stars,../filmdata/n_films/next_stop_murder.html
Night Drive,2010,2 Stars,../filmdata/n_films/night_drive.html
Nude Nuns With Big Guns,2010,2 Stars,../filmdata/n_films/nude_nuns_with_big_guns.html
Operation Endgame,2010,2 Stars,../filmdata/o_films/operation_endgame.html
Other Guys,2010,2 Stars,../filmdata/o_films/other_guys.html
Paradox,2010,2 Stars,../filmdata/p_films/paradox.html
Percy Jackson And The Lightning Thief,2010,2 Stars,../filmdata/p_films/percy_jackson_and_the_lightning_thief.html
Perfect Plan,2010,2 Stars,../filmdata/p_films/perfect_plan.html
Piranha,2010,2 Stars,../filmdata/p_films/piranha.html
Prince Of Persia Sands Of Time,2010,2 Stars,../filmdata/p_films/prince_of_persia_sands_of_time.html
Psychosis,2010,2 Stars,../filmdata/p_films/psychosis.html
Rabbit Hole,2010,2 Stars,../filmdata/r_films/rabbit_hole.html
Red,2010,2 Stars,../filmdata/r_films/red.html
Repo Men,2010,2 Stars,../filmdata/r_films/repo_men.html
Revenge Of The Bridesmaids,2010,2 Stars,../filmdata/r_films/revenge_of_the_bridesmaids.html
Rig,2010,2 Stars,../filmdata/r_films/rig.html
Salt,2010,2 Stars,../filmdata/s_films/salt.html
Santa Suit,2010,2 Stars,../filmdata/s_films/santa_suit.html
Sharktopus,2010,2 Stars,../filmdata/s_films/sharktopus.html
Sherlock Holmes,2010,2 Stars,../filmdata/s_films/sherlock_holmes.htm
Siren,2010,2 Stars,../filmdata/s_films/siren.html
Skeletons,2010,2 Stars,../filmdata/s_films/skeltons.html
Social Network,2010,2 Stars,../filmdata/s_films/social_network.html
Splintered,2010,2 Stars,../filmdata/s_films/splintered.html
Spy Next Door,2010,2 Stars,../filmdata/s_films/spy_next_door.html
Stalker,2010,2 Stars,../filmdata/s_films/stalker.html
Stonehenge Apocalypse,2010,2 Stars,../filmdata/s_films/stonehenge_apocalypse.html
Shutter Island,2010,2 Stars,../filmdata/s_films/shutter_island.html
Tamara Drewe,2010,2 Stars,../filmdata/t_films/tamara_drewe.html
Tourist,2010,2 Stars,../filmdata/t_films/tourist.html
Town Christmas Forgot,2010,2 Stars,../filmdata/t_films/town_christmas_forgot.html
Triassic Attack,2010,2 Stars,../filmdata/t_films/triassic_attack.html
Unstoppable,2010,2 Stars,../filmdata/u_films/unstoppable.html
Valentine's Day,2010,2 Stars,../filmdata/v_films/valentines_day.htm
Vampires Suck,2010,2 Stars,../filmdata/v_films/vampires_suck.html
Wake Wood,2010,2 Stars,../filmdata/w_films/wake_wood.html
Ward,2010,2 Stars,../filmdata/w_films/ward.html
Whistle and I'll Come to You,2010,2 Stars,../filmdata/w_films/whistle-and-ill-come-to-you.html
Wild Target,2010,2 Stars,../filmdata/w_films/wild_target.html
Winter's Bone,2010,2 Stars,../filmdata/w_films/winters-bone.html
Wolfman,2010,2 Stars,../filmdata/w_films/wolfman.html
Colin Firth,2010,,../actor/f_actor/firth_colin.htm
Javier Bardem,2010,,../actor/b_actor/bardem_javier.html
Jeff Bridges,2010,,../actor/b_actor/bridges_jeff.htm
Jesse Eisenberg,2010,,../actor/e_actor/eisenberg_jesse.html
Natalie Portman,2010,,../actress/p_actress/portman-natalie.htm
Annette Bening,2010,,../actress/b_actress/bening_annette.htm
Nicole Kidman,2010,,../actress/k_actress/kidman_nicole.htm
Jennifer Lawrence,2010,,../actress/l_actress/lawrence_jennifer.html
Michelle Williams,2010,,../actress/w_actress/williams_michelle.html
12 Dates Of Christmas,2011,2 Stars,../filmdata/1_films/12_dates_of_christmaas.html
12 Wishes Of Christmas,2011,2 Stars,../filmdata/1_films/12_wishes_of_christmas.html
50/50,2011,2 Stars,../filmdata/1_films/50_50.html
Age Of The Dragons,2011,2 Stars,../filmdata/a_films/age_of_the_dragons.html
Albatross,2011,2 Stars,../filmdata/a_films/albatross.html
Albert Nobbs,2011,2 Stars,../filmdata/a_films/albert_nobbs.html
Almighty Thor,2011,2 Stars,../filmdata/a_films/almighty_thor.html
Annie Claus Is Coming To Town,2011,2 Stars,../filmdata/a_films/annie_claus_is_coming_to_town.html
Artist,2011,2 Stars,../filmdata/a_films/artist.html
Attack The Block,2011,2 Stars,../filmdata/a_films/attack_the_block.html
Awakening,2011,2 Stars,../filmdata/a_films/awakening-2011.html
Bad Teacher,2011,2 Stars,../filmdata/b_films/bad-teacher.html
Battle Of Las Angeles,2011,2 Stars,../filmdata/b_films/battle_of_los_angeles.html
Battle Los Angeles,2011,2 Stars,../filmdata/b_films/battle_los_angeles.html
Behemoth,2011,2 Stars,../filmdata/b_films/behemoth.html
Best Exotic Marigold Hotel,2011,2 Stars,../filmdata/b_films/best_exotic_marigold_hotel.html
Blood Runs Cold,2011,2 Stars,../filmdata/b_films/blood_runs_cold.html
Bread Crumbs,2011,2 Stars,../filmdata/b_films/bread_crumbs.html
Bridesmaids,2011,2 Stars,../filmdata/b_films/bridesmaids.html
Chalet Girl,2011,2 Stars,../filmdata/c_films/chalet_girl.html
Camel Spiders,2011,2 Stars,../filmdata/c_films/camel_spiders.html
Captain America: The First Avenger,2011,2 Stars,../filmdata/c_films/captain_america_the_first_avenger.html
Change Up,2011,2 Stars,../filmdata/c_films/change_up.html
Christmas Lodge,2011,2 Stars,../filmdata/c_films/christmas_lodge.html
Chateau Meroux,2011,2 Stars,../filmdata/c_films/chateau_meroux.html
Christmas Comes Home to Canaan,2011,2 Stars,../filmdata/c_films/christmas_comes_home_to_canaan.html
Christmas Kiss,2011,2 Stars,../filmdata/c_films/christmas_kiss.html
Christmas Magic,2011,2 Stars,../filmdata/c_films/christmas_magic.html
Christmas Pageant,2011,2 Stars,../filmdata/c_films/christmas_pageant.html
Christmas Wish,2011,2 Stars,../filmdata/c_films/christmas_wish.html
Christmas With A Capital C,2011,2 Stars,../filmdata/c_films/christmas_with_a_capital_c.html
Coffin,2011,2 Stars,../filmdata/c_films/coffin.html
Collision Earth,2011,2 Stars,../filmdata/c_films/collision-earth.html
Committed,2011,2 Stars,../filmdata/c_films/committed.html
Conan The Barbarian,2011,2 Stars,../filmdata/c_films/conan_the_barbarian_2011.html
Coriolanus,2011,2 Stars,../filmdata/c_films/coriolanus.html
Cowboys And Aliens,2011,2 Stars,../filmdata/c_films/cowboys-and-aliens.html
Crash Site,2011,2 Stars,../filmdata/c_films/crash_site.html
"Crazy, Stupid, Love",2011,2 Stars,../filmdata/c_films/crazy_stupid_love.html
Creature,2011,2 Stars,../filmdata/c_films/creature.html
Darkest Hour,2011,2 Stars,../filmdata/d_films/darkest_hour.html
Deadly Sibling Rivalry,2011,2 Stars,../filmdata/d_films/deadly_sibling_rivalry.html
Dear Santa,2011,2 Stars,../filmdata/d_films/dear-santa.html
Decoy Bride,2011,2 Stars,../filmdata/d_films/decoy_bride.html
Dilemma,2011,2 Stars,../filmdata/d_films/dilemma.html
Doomsday Prophecy,2011,2 Stars,../filmdata/d_films/doomsday_prophecy.html
Dragon Crusaders,2011,2 Stars,../filmdata/d_films/dragon-crusaders.html
Dreams Of A Life,2011,2 Stars,../filmdata/d_films/dreams_of_a_life.html
Earth's Final Hours,2011,2 Stars,../filmdata/e_films/earths_fianl_hours.html
Friends With Benefits,2011,2 Stars,../filmdata/f_films/friends_with_benefits.html
Girl With The Dragon Tattoo,2011,2 Stars,../filmdata/g_films/girl_with_the_dragon_tattoo_2011.html
Gnomeo And Juliet,2011,2 Stars,../filmdata/g_films/gnomeo_and_juliet.html
Good Witch's Family,2011,2 Stars,../filmdata/g_films/good_witchs_family.html
Green Lantern,2011,2 Stars,../filmdata/g_films/green_lantern.html
Hanna,2011,2 Stars,../filmdata/h_films/hanna.html
Hattie,2011,2 Stars,../filmdata/h_films/hattie.html
Hike,2011,2 Stars,../filmdata/h_films/hike.html
Holiday Engagement,2011,2 Stars,../filmdata/h_films/holiday_engagement.html
Hunky Dory,2011,2 Stars,../filmdata/h_films/hunky_dory.html
I Am Number Four,2011,2 Stars,../filmdata/i_films/i_am_number_four.html
Ice Road Terror,2011,2 Stars,../filmdata/i_films/ice_road_terror.html
Ides Of March,2011,2 Stars,../filmdata/i_films/ides_of_march.html
Immortals,2011,2 Stars,../filmdata/i_films/immortals.html
In The Name Of The King: Two Worlds,2011,2 Stars,../filmdata/i_films/in_the_name_of_the_king_two_worlds.html
In Time,2011,2 Stars,../filmdata/i_films/in_time.html
Inkeepers,2011,2 Stars,../filmdata/i_films/innkeepers.html
Iron Lady,2011,2 Stars,../filmdata/i_films/iron_lady.html
Jack And Jill,2011,2 Stars,../filmdata/j_films/jack_and_jill.html
Jane Eyre,2011,2 Stars,../filmdata/j_films/jane_eyre_2011.html
Johnnny English Reborn,2011,2 Stars,../filmdata/j_films/johnny_english_reborn.html
Julia X,2011,2 Stars,../filmdata/j_films/julia_x.html
Just Go With It,2011,2 Stars,../filmdata/j_films/just_go_with_it.html
Killer Mountain,2011,2 Stars,../filmdata/k_films/killer_mountain.html
Larry Crowne,2011,2 Stars,../filmdata/l_films/larry_crowne.html
Limitless,2011,2 Stars,../filmdata/l_films/limitless.html
Lonely Place To Die,2011,2 Stars,../filmdata/l_films/lonely_place_to_die.html
Love,2011,2 Stars,../filmdata/l_films/love.html
Love Birds,2011,2 Stars,../filmdata/l_films/love-birds.html
Lovely Molly,2011,2 Stars,../filmdata/l_films/lovely_molly.html
Love's Kitchen,2011,2 Stars,../filmdata/l_films/loves_kitchen.html
Mega Python vs Gatoraid,2011,2 Stars,../filmdata/m_films/mega_python_vs_gatoroid.html
Metal Shifters,2011,2 Stars,../filmdata/m_films/metal_shifters.html
Metal Tornado,2011,2 Stars,../filmdata/m_films/metal_tornado.html
Miami Magma,2011,2 Stars,../filmdata/m_films/miami_magma.html
Midnight In Paris,2011,2 Stars,../filmdata/m_films/midnight_in_paris.html
Mistletoe Over Manhattan,2011,2 Stars,../filmdata/m_films/mistletoe_over_manhattan.html
Morlocks,2011,2 Stars,../filmdata/m_films/morlocks.html
Moth Diaries,2011,2 Stars,../filmdata/m_films/moth_diaries.html
My Future Boyfriend,2011,2 Stars,../filmdata/m_films/my_future_boyfriend.html
My Week With Marilyn,2011,2 Stars,../filmdata/m_films/my_week_with_marilyn.html
No Strings Attached,2011,2 Stars,../filmdata/n_films/no_strings_attached.html
Other Side,2011,2 Stars,../filmdata/o_films/other_side.html
Page Eight,2011,2 Stars,../filmdata/p_films/page_eight.html
Paul,2011,2 Stars,../filmdata/p_films/paul.html
Perfectly Prudence,2011,2 Stars,../filmdata/p_films/perfectly_prudence.html
Pirates Of The Carribean: On Stranger Tides,2011,2 Stars,../filmdata/p_films/pirates_of_the_carribean_on_stranger_tides.html
Rage Of The Yeti,2011,2 Stars,../filmdata/r_films/rage_of_the_yeti.html
Red Faction Origins,2011,2 Stars,../filmdata/r_films/red_faction_origins.html
Red Riding Hood,2011,2 Stars,../filmdata/r_films/red_riding_hood.html
Road Kill,2011,2 Stars,../filmdata/r_films/road_kill.html
Salmon Fishing In The Yemen,2011,2 Stars,../filmdata/s_films/salmon_fishing_in_the_yemen.html
Sanctum,2011,2 Stars,../filmdata/s_films/sanctum.html
Sand Sharks,2011,2 Stars,../filmdata/s_films/sand_sharks.html
Savages Crossing,2011,2 Stars,../filmdata/s_films/savages_crossing.html
Scents And Sensibility,2011,2 Stars,../filmdata/s_films/scents_and_sensibility.html
Season Of The Witch,2011,2 Stars,../filmdata/s_films/season_of_the_witch.html
Seeds of Destruction,2011,2 Stars,../filmdata/s_films/seeds_of_destruction.html
Silent House,2011,2 Stars,../filmdata/s_films/silent_house.html
Smooch,2011,2 Stars,../filmdata/s_films/smooch.html
Snow Beast,2011,2 Stars,../filmdata/s_films/snow_beast.html
Snowmageddon,2011,2 Stars,../filmdata/s_films/snowmageddon.html
Somthing Borrowed,2011,2 Stars,../filmdata/s_films/something_borrowed.html
Source Code,2011,2 Stars,../filmdata/s_films/source_code.html
Super Eruption,2011,2 Stars,../filmdata/s_films/super_eruption.html
Super Storm,2011,2 Stars,../filmdata/s_films/super_storm.html
Super Tanker,2011,2 Stars,../filmdata/s_films/super_tanker.html
Swamp Shark,2011,2 Stars,../filmdata/s_films/swamp_shark.htm
Thor,2011,2 Stars,../filmdata/t_films/thor.html
Three Musketeers,2011,2 Stars,../filmdata/t_films/three_muskekteers_2011.html
Adventures Of Tintin: The Secret Of The Unicorn,2011,2 Stars,../filmdata/a_films/adventures_of_tintin_secret_of_the_unicorn.html
Trading Christmas,2011,2 Stars,../filmdata/t_films/trading_christmas.html
Treasure Guards,2011,2 Stars,../filmdata/t_films/treasure_guards.html
Truth Be Told,2011,2 Stars,../filmdata/t_films/truth_be_told.html
Tyrannosaur,2011,2 Stars,../filmdata/t_films/tyrnnosaur.html
Valentine's Date,2011,2 Stars,../filmdata/v_films/valentines_date.html
W.E.,2011,2 Stars,../filmdata/w_films/w_e.html
War Horse,2011,2 Stars,../filmdata/w_films/war_horse.html
We Bought A Zoo,2011,2 Stars,../filmdata/w_films/we_bought_a_zoo.html
You May Not Kiss The Bride,2011,2 Stars,../filmdata/y_films/you_may_not_kiss_the_bride.html
Your Highness,2011,2 Stars,../filmdata/y_films/your_highness.html
X-Men First Class,2011,2 Stars,../filmdata/x_films/x_men_first_clas.html
Zombie Diaries 2,2011,2 Stars,../filmdata/z_films/zombie_diaries_2.html
Jean Dujardin,2011,,../actor/d_actor/dujardin_jean.html
George Clooney,2011,,../actor/c_actor/clooney_george.htm
Gary Oldman,2011,,../actor/o_actor/oldman_gary.htm
Brad Pitt,2011,,../actor/p_actor/pitt_brad.htm
Meryl Streep,2011,,../actress/s_actress/streep_meryl.htm
Glenn Close,2011,,../actress/c_actress/close_glenn.htm
Viola Davis,2011,,../actress/d_actress/davis_viola.html
Rooney Mara,2011,,../actress/m_actress/mara_rooney.html
Girl with the Dragon Tattoo,2011,,../filmdata/g_films/girl_with_the_dragon_tattoo_2011.html
Michelle Williams,2011,,../actress/w_actress/williams_michelle.html
My Week With Marily,2011,,../filmdata/m_films/my_week_with_marilyn.html
12 Disasters Of Christmas,2012,1 Star,../filmdata/1_films/12_disasters_of_christmas.html
21 Jump Street,2012,1 Star,../filmdata/1_films/21-jump-street.html
40 Days and Nights,2012,1 Star,../filmdata/1_films/40_days_and_nights_2012.html
A Christmas Wedding Date,2012,1 Star,../filmdata/a_films/a_christmas_wedding_date.html
Alien Tornado,2012,1 Star,../filmdata/a_films/alien_tornado.html
All About Christmas Eve,2012,1 Star,../filmdata/a_films/all_about_christmas_eve.html
American Mary,2012,1 Star,../filmdata/a_films/american_mary.html
American Warships,2012,1 Star,../filmdata/a_films/american_warships.html
Anything But Christmas,2012,1 Star,../filmdata/a_films/anything_but_christmas.html
Arachnoquake,2012,1 Star,../filmdata/a_films/arachnoquake.html
Baby's First Christmas,2012,1 Star,../filmdata/b_films/babys_first_christmas.html
Barbara,2012,1 Star,../filmdata/b_films/barbara.html
Battleship,2012,1 Star,../filmdata/b_films/battleship.html
Battlestar Galactica Blood And Chrome,2012,1 Star,../filmdata/b_films/battlestar_galactica_blood_and_chrome.html
Big Miracle,2012,1 Star,../filmdata/b_films/big_miracle.html
Bigfoot,2012,1 Star,../filmdata/b_films/bigfoot.html
Black Forest,2012,1 Star,../filmdata/b_films/black_forest.html
Bride For Christmas,2012,1 Star,../filmdata/b_films/bride_for_christmas.html
Byzantium,2012,1 Star,../filmdata/b_films/byzantium.html
Christmas Angel,2012,1 Star,../filmdata/c_films/christmas_angel_2012.html
Christmas Miracle,2012,1 Star,../filmdata/c_films/christmas_miracle.html
Christmas Rescue,2012,1 Star,../filmdata/c_films/christmas-rescue.html
Christmas Song,2012,1 Star,../filmdata/c_films/christmas_song.html
Cloned The Recreator Chronicles,2012,1 Star,../filmdata/c_films/cloned_the_recreator_chronicles.html
Cockneys vs Zombies,2012,1 Star,../filmdata/c_films/cockneys_vs_zombies.html
Columbus Circle,2012,1 Star,../filmdata/c_films/columbus_circle.html
Creep Van,2012,1 Star,../filmdata/c_films/creep_van.html
Cupid,2012,1 Star,../filmdata/c_films/cupid.html
DeadTime,2012,1 Star,../filmdata/d_films/deadtime.html
Devil In The Woods,2012,1 Star,../filmdata/d_films/devil_in_the_woods.html
Dinosaur Project,2012,1 Star,../filmdata/d_films/dinosaur_project.html
Do No Harm,2012,1 Star,../filmdata/d_films/do_no_harm.html
Don't Let the Riverbeast Get You!,2012,1 Star,../filmdata/d_films/dont_let_the_riverbeast_get_you.html
Dragon Wasps,2012,1 Star,../filmdata/d_films/dragon_wasps.html
Dripping In Chocolate,2012,1 Star,../filmdata/d_films/dripping-in-chocolate.html
Dungeons & Dragons: The Book Of Vile Darknes,2012,1 Star,../filmdata/d_films/Dungeons_and_dragons_the_book_of_vile_darkness.html
Elfie Hopkins,2012,1 Star,../filmdata/e_films/elfie-hopkins.html
F6: Twister,2012,1 Star,../filmdata/f_films/f6_twister.html
Finding Mrs Claus,2012,1 Star,../filmdata/f_films/finding_mrs_claus.html
Five Year Engagement,2012,1 Star,../filmdata/f_films/five_year_engagement.html
Forger,2012,1 Star,../filmdata/f_films/forger.html
Gambit,2012,1 Star,../filmdata/g_films/gambit.html
Ghost Storm,2012,1 Star,../filmdata/g_films/ghost_storm.html
Girl,2012,1 Star,../filmdata/g_films/girl.html
Golden Christmas 3,2012,1 Star,../filmdata/g_films/golden_christmas_3.html
Good Witch's Charm,2012,1 Star,../filmdata/g_films/good_witchs_charm.html
Great Expectations,2012,1 Star,../filmdata/g_films/great_expectations_2012.html
Grimm's Snow White,2012,1 Star,../filmdata/g_films/grimms_snow_white.html
Haunted High,2012,1 Star,../filmdata/h_films/haunted_high.html
Heaven's Door,2012,1 Star,../filmdata/h_films/heavens_door.html
Help For The Holidays,2012,1 Star,../filmdata/h_films/help_for_the_holidays.html
Hitched For The Holidays,2012,1 Star,../filmdata/h_films/hitched_for_the_holidays.html
Hope Springs,2012,1 Star,../filmdata/h_films/hope_springs_2012.html
Hotel Transylvania,2012,1 Star,../filmdata/h_films/hotel_transylvania.html
House At The End Of The Street,2012,1 Star,../filmdata/h_films/house_at_the_end_of_the_street.html
Hunger Games,2012,1 Star,../filmdata/h_films/hunger_games.html
I Married Who?,2012,1 Star,../filmdata/i_films/i_married_who.html
Iron Sky,2012,1 Star,../filmdata/i_films/iron_sky.html
Jersey Shore Shark Attack,2012,1 Star,../filmdata/j_films/jersey-shore-shark-attack.html
Jesse Stone Benefit Of The Doubt,2012,1 Star,../filmdata/j_films/jesse_stone_benefit_of_the_doubt.html
John Carter,2012,1 Star,../filmdata/j_films/john_carter.html
Journey 2:The Mysterious Island,2012,1 Star,../filmdata/j_films/journey_2_the_mysterious_island.html
Lady Vanishes,2012,1 Star,../filmdata/l_films/lady_vanishes_2012.html
Lockout,2012,1 Star,../filmdata/l_films/lockout.html
Looper,2012,1 Star,../filmdata/l_films/looper.html
Love At The Christmas Table,2012,1 Star,../filmdata/l_films/love_at_the_christmas_table.html
Love At The Thanksgiving Parade,2012,1 Star,../filmdata/l_films/love_at_the_thanksgiving_parade.html
Matchmaker Santa,2012,1 Star,../filmdata/m_films/matchmaker_santa.html
Merry In Laws,2012,1 Star,../filmdata/m_films/merry_in_laws.html
Mirror Mirror,2012,1 Star,../filmdata/m_films/mirror_mirror.html
Mothers Choice,2012,1 Star,../filmdata/m_films/mothers_choice.html
Naughty Or Nice,2012,1 Star,../filmdata/n_films/naughty_or_nice.html
Odd Life Of Timothy Green,2012,1 Star,../filmdata/o_films/odd_life_of_timothy_green.html
Perfect Christmas,2012,1 Star,../filmdata/p_films/perfect_christmas.html
Philadelphia Experiment,2012,1 Star,../filmdata/p_films/philadelphia_experiment.html
Piranhaconda,2012,1 Star,../filmdata/p_films/piranhaconda.html
Playing For Keeps,2012,1 Star,../filmdata/p_films/playing_for_keeps.html
Populaire,2012,1 Star,../filmdata/p_films/populaire.html
Prometheus,2012,1 Star,../filmdata/p_films/prometheus.html
Puppy Love,2012,1 Star,../filmdata/p_films/puppy_love.html
Quartet,2012,1 Star,../filmdata/q_films/quartet.html
Red Clover,2012,1 Star,../filmdata/r_films/red_clover.html
Rites Of Passage,2012,1 Star,../filmdata/r_films/rites_of_passage.html
Safety Not Guaranteed,2012,1 Star,../filmdata/s_films/safety_not_guaranteed.html
Sawney: Flesh Of Man,2012,1 Star,../filmdata/s_films/sawney_flesh_of_man.html
Seattle Superstorm,2012,1 Star,../filmdata/s_films/seattle_superstorm.html
Silver Linings Playbook,2012,1 Star,../filmdata/s_films/silver_linings_playbook.html
Skyfall,2012,1 Star,../filmdata/s_films/skyfall.html
Smart Cookies,2012,1 Star,../filmdata/s_films/smart_cookies.html
Snow White And The Huntsman,2012,1 Star,../filmdata/s_films/snow_white_and_the_huntsman.html
Song For Marion,2012,1 Star,../filmdata/s_films/song_for_marion.html
Star For Christmas,2012,1 Star,../filmdata/s_films/star_for_christmas.html
Storage 24,2012,1 Star,../filmdata/s_films/storage_24.html
Strawberry Fields,2012,1 Star,../filmdata/s_films/strawberry_fields.html
Strawberry Summer,2012,1 Star,../filmdata/s_films/strawberry_summer.html
Strippers vs Werewolves,2012,1 Star,../filmdata/s_films/strippers_vs_werewolves.html
Ted,2012,1 Star,../filmdata/t_films/ted.html
Tornado Warning,2012,1 Star,../filmdata/t_films/tornado_warning.html
Total Recall,2012,1 Star,../filmdata/t_films/total_recall_2012.html
Truth Or Dare,2012,1 Star,../filmdata/t_films/truth_or_dare.html
Undercover Bridesmaid,2012,1 Star,../filmdata/u_films/undercover_bridesmaid.html
Up There,2012,1 Star,../filmdata/u_films/up_there.html
Upside Down,2012,1 Star,../filmdata/u_films/upside_down_2012.html
Vampyre Nation,2012,1 Star,../filmdata/v_films/vampyre_nation.html
Vow,2012,1 Star,../filmdata/v_films/vow.html
What To Expect When You're Expecting,2012,1 Star,../filmdata/w_films/what_to_expect_when_your_expecting.html
Woman In Black,2012,1 Star,../filmdata/w_films/woman_in_black.html
Daniel Day Lewis,2012,,../actor/d_actor/day_lewis_daniel.htm
Bradley Cooper,2012,,../actor/c_actor/cooper_bradley.html
Hugh Jackman,2012,,../actor/j_actor/jackman_hugh.htm
Joaquin Phoenix,2012,,../actor/p_actor/phoenix_joaquin.htm
Denzel Washington,2012,,../actor/w_actor/washington-denzel.htm
Jennifer Lawrence,2012,,../actress/l_actress/lawrence_jennifer.html
Jessica Chastain,2012,,../actress/c_actress/chastain_jessica.html
Naomi Watts,2012,,../actress/w_actress/watts_naomi.htm
13 Eerie,2013,3 Stars,../filmdata/1_films/13_eerie.html
500 MPH Storm,2013,3 Stars,../filmdata/1_films/500_mph_storm.html
About Time,2013,3 Stars,../filmdata/a_films/about_time.html
Adventurer: The Curse of the Midas Box,2013,3 Stars,../filmdata/a_films/adventurer_the_curse_of_the_midas_box.html
After All These Years,2013,3 Stars,../filmdata/a_films/after_all_these_years.html
After Earth,2013,3 Stars,../filmdata/a_films/after-earth.html
Age Of Dinosaurs,2013,3 Stars,../filmdata/a_films/age_of_dinosaurs.html
Alligator Alley,2013,3 Stars,../filmdata/a_films/alligator_alley.html
Anna Nicole,2013,3 Stars,../filmdata/a_films/anna_nicole.html
Atlantic Rim,2013,3 Stars,../filmdata/a_films/atlantic_rim.html
Avalanche Sharks,2013,3 Stars,../filmdata/a_films/avalanche_sharks.html
Be My Valentine,2013,3 Stars,../filmdata/b_films/be_my_valentine.html
Big Ass Spider,2013,3 Stars,../filmdata/b_films/big_ass_spider.html
Big Wedding,2013,3 Stars,../filmdata/b_films/big_wedding.html
Blue Jasmine,2013,3 Stars,../filmdata/b_films/blue-jasmine.html
Bouquet,2013,3 Stars,../filmdata/b_films/bouquet.html
Bunni,2013,3 Stars,../filmdata/b_films/bunni.html
Burton and Taylor,2013,3 Stars,../filmdata/b_films/burton_and_taylor.html
Carrie,2013,3 Stars,../filmdata/c_films/carrie-2013.htm
Catch A Christmas Star,2013,3 Stars,../filmdata/c_films/cathc_a_christmas_star.html
Chance At Romance,2013,3 Stars,../filmdata/c_films/chance_at_romance.html
Chupacabra vs The Alamo,2013,3 Stars,../filmdata/c_films/chupacabra_vs_the_alamo.html
Christmas Belle,2013,3 Stars,../filmdata/c_films/christmas-belle.html
Christmas In The City,2013,3 Stars,../filmdata/c_films/christmas_in_the_city.html
Christmas Spirit,2013,3 Stars,../filmdata/c_films/christmas_spirit.html
Christmas On The Bayou,2013,3 Stars,../filmdata/c_films/christmas_on_the_bayou.html
Christmas Ornament,2013,3 Stars,../filmdata/c_films/christmas_ornament.html
Cloudy with a Chance of Meatballs 2,2013,3 Stars,../filmdata/c_films/cloudy-with-a-chance-of-meatballs-2.html
Cold Spring,2013,3 Stars,../filmdata/c_films/cold_spring.html
Colony,2013,3 Stars,../filmdata/c_films/colony.html
Crush,2013,3 Stars,../filmdata/c_films/crush.html
Dark Feed,2013,3 Stars,../filmdata/d_films/dark_feed.html
Destruction: Las Vegas,2013,3 Stars,../filmdata/d_films/destruction_las_vegas.html
Diana,2013,3 Stars,../filmdata/d_films/diana.html
Dracano,2013,3 Stars,../filmdata/d_films/dracano.html
Dyatlov Pass Incident,2013,3 Stars,../filmdata/d_films/dyatlov_pass_incident.html
Elysium,2013,3 Stars,../filmdata/e_films/elysium.html
End Of The World,2013,3 Stars,../filmdata/e_films/end_of_the_world.html
Epic,2013,3 Stars,../filmdata/e_films/epic.html
Europa Report,2013,3 Stars,../filmdata/e_films/europa_report.html
Family,2013,3 Stars,../filmdata/f_films/family.html
Family Reunion,2013,3 Stars,../filmdata/f_films/family_reunion.html
Fatal Performance,2013,3 Stars,../filmdata/f_films/fatal_performance.html
Finding Christmas,2013,3 Stars,../filmdata/f_films/finding_christmas.html
Finding Normal,2013,3 Stars,../filmdata/f_films/finding_normal.html
Fir Crazy,2013,3 Stars,../filmdata/f_films/fir_crazy.html
Frozen,2013,3 Stars,../filmdata/f_films/frozen.html
Frozen Ground,2013,3 Stars,../filmdata/f_films/frozen_ground.html
Garage Sale Mystery,2013,3 Stars,../filmdata/g_films/garage_sale_mystery.html
Ghost Shark,2013,3 Stars,../filmdata/g_films/ghost_shark.html
Good Mother,2013,3 Stars,../filmdata/g_films/good_mother.html
Gravity,2013,3 Stars,../filmdata/g_films/gravity.html
Hansel & Gretel Warriors Of Witchcraft,2013,3 Stars,../filmdata/h_films/hansel_and_gretel_warriors_of_witchcraft.html
Hansel & Gretel Witch Hunters,2013,3 Stars,../filmdata/h_films/hansel_and_gretel_witch_hunter.html
Hats Off To Christmas,2013,3 Stars,../filmdata/h_films/hats_off_to_christmas.html
Heart Of The Country,2013,3 Stars,../filmdata/h_films/heart_of_the_country.html
Her,2013,3 Stars,../filmdata/h_films/her.html
Hidden Away,2013,3 Stars,../filmdata/h_films/hidden_away.html
Holiday Road Trip,2013,3 Stars,../filmdata/h_films/holiday_road_trip.html
Holidaze,2013,3 Stars,../filmdata/h_films/holidaze.html
Host,2013,3 Stars,../filmdata/h_films/host.html
Hunters,2013,3 Stars,../filmdata/h_films/hunters.html
I Think I Do,2013,3 Stars,../filmdata/i_films/i_think_i_do.html
In The Dark,2013,3 Stars,../filmdata/i_films/in_the_dark.html
Jack the Giant Slayer,2013,3 Stars,../filmdata/j_films/jack-the-giant-slayer.html
Jet Stream,2013,3 Stars,../filmdata/j_films/jet_stream.html
Kristin's Christmas Past,2013,3 Stars,../filmdata/k_films/kristins_christmas_past.html
Le Week-end,2013,3 Stars,../filmdata/l_films/le_week_end.html
Life Of Crime,2013,3 Stars,../filmdata/l_films/life_of_crime.html
Love Punch,2013,3 Stars,../filmdata/l_films/love_punch.html
Lovestruck: The Musical,2013,3 Stars,../filmdata/l_films/lovestruck_the_musical.html
Lucky Them,2013,3 Stars,../filmdata/l_films/lucky_them.html
Magic Moment,2013,3 Stars,../filmdata/m_films/magic_moment.html
Meddling Mom,2013,3 Stars,../filmdata/m_films/meddling_mom.html
My Santa,2013,3 Stars,../filmdata/m_films/my_santa.html
Mystery Cruise,2013,3 Stars,../filmdata/m_films/mystery-cruise.html
Mystery Road,2013,3 Stars,../filmdata/m_films/mystery_road.html
Nearlyweds,2013,3 Stars,../filmdata/n_films/nearlyweds.html
Night Train To Lisbon,2013,3 Stars,../filmdata/n_films/night_train_to_lisbon.html
Nothing Left To Fear,2013,3 Stars,../filmdata/n_films/nothing_left_to_fear.html
Numbers Station,2013,3 Stars,../filmdata/n_films/numbers_station.html
Oblivion,2013,3 Stars,../filmdata/o_films/oblivion.html
One Chance,2013,3 Stars,../filmdata/o_films/one_chance.html
One Small Hitch,2013,3 Stars,../filmdata/o_films/one_small_hitch.html
Oz The Great And Powerful,2013,3 Stars,../filmdata/o_films/oz_the_great_and_powerful.html
Pacific Rim,2013,3 Stars,../filmdata/p_films/pacific_rim.html
Penthouse North,2013,3 Stars,../filmdata/p_films/penthouse_north.html
Poseidon Rex,2013,3 Stars,../filmdata/p_films/poseidon_rex.html
Reading Writing & Romance,2013,3 Stars,../filmdata/r_films/reading_writing_romance.html
Robocroc,2013,3 Stars,../filmdata/r_films/robocroc.html
SAGA: Curse of the Shadow,2013,3 Stars,../filmdata/s_films/saga_curse_of_the_shadow.html
Santa's Summer House,2013,3 Stars,../filmdata/s_films/santas-summer-house.html
Saving Mr Banks,2013,3 Stars,../filmdata/s_films/saving_mr_banks.html
Scarecrow,2013,3 Stars,../filmdata/s_films/scarecrow_2013.html
Second Chances,2013,3 Stars,../filmdata/s_films/second_chances.html
Secret Life of Walter Mitty,2013,3 Stars,../filmdata/s_films/secret_life_of_walter_mitty_2013.html
Snow Globe Christmas,2013,3 Stars,../filmdata/s_films/snow_globe_christmas.html
Spectacular Now,2013,3 Stars,../filmdata/s_films/spectacular_now.html
Still Life: A Three Pines Mystery,2013,3 Stars,../filmdata/s_films/still_life_a_three_pines_mystery.html
Snow Bride,2013,3 Stars,../filmdata/s_films/snow_bride.html
Stoker,2013,3 Stars,../filmdata/s_films/stoker.html
Storm Rider,2013,3 Stars,../filmdata/s_films/storm_rider.html
Supercollider,2013,3 Stars,../filmdata/s_films/supercollider.html
Sweeter Side Of Life,2013,3 Stars,../filmdata/s_films/sweeter_side_of_life.html
Sworn To Silence,2013,3 Stars,../filmdata/s_films/sworn_to_sillence.html
Tasmanian Devils,2013,3 Stars,../filmdata/t_films/tasmanian_devils.html
Thanksgiving House,2013,3 Stars,../filmdata/t_films/thanksgiving_house.html
Time Of Death,2013,3 Stars,../filmdata/t_films/time_of_death.html
Under The Skin,2013,3 Stars,../filmdata/u_films/under_the_skin.html
Venus In Fur,2013,3 Stars,../filmdata/v_films/venus_in_furs.html
Very Merry Mix-Up,2013,3 Stars,../filmdata/v_films/very_merry_mix_up.html
Warm Bodies,2013,3 Stars,../filmdata/w_films/warm_bodies.html
Way Way Back,2013,3 Stars,../filmdata/w_films/way_way_back.html
Wedding Chapel,2013,3 Stars,../filmdata/w_films/wedding_chapel.html
Whale,2013,3 Stars,../filmdata/w_films/whale.html
What If,2013,3 Stars,../filmdata/w_films/what_if.html
When Calls The Heart,2013,3 Stars,../filmdata/w_films/when_calls_the_heart.html
Woman Betrayed,2013,3 Stars,../filmdata/w_films/woman_betrayed.html
Matthew McConaughey,2013,,../actor/m_actor/mcconaughey_matthew.htm
Christian Bale,2013,,../actor/b_actor/bale_christian.htm
Bruce Dern,2013,,../actor/d_actor/dern_bruce.html
Leonardo DiCaprio,2013,,../actor/d_actor/dicaprio-leonardo.htm
Cate Blanchett,2013,,../actress/b_actress/blanchett_cate.htm
Amy Adams,2013,,../actress/a_actress/adams_amy.htm
Sandra Bullock,2013,,../actress/b_actress/bullock-sandra.htm
Judi Dench,2013,,../actress/d_actress/dench_judi.htm
Meryl Streep,2013,,../actress/s_actress/streep_meryl.htm
Age Of Ice,2014,0 Stras,../filmdata/a_films/age_of_ice.html
Age Of Tomorrow,2014,0 Stras,../filmdata/a_films/age-of-tomorrow.html
Along Came A Nanny,2014,0 Stras,../filmdata/a_films/along_came_a_nanny.html
Angels and Ornaments,2014,0 Stras,../filmdata/a_films/angels-and-ornaments.html
Another Christmas Kiss,2014,0 Stras,../filmdata/a_films/another_christmas_kiss.html
Apocalypse Pompeii,2014,0 Stras,../filmdata/a_films/apocalypse-pompeii.html
Asteroid vs Earth,2014,0 Stras,../filmdata/a_films/asteroid_vs_earth.html
Babadook,2014,0 Stras,../filmdata/b_films/babadook.html
Belle For Christmas,2014,0 Stras,../filmdata/b_films/belle_for_christmas.html
Back To Christmas,2014,0 Stras,../filmdata/b_films/back_to_christmas.html
Beauty And The Beast,2014,0 Stras,../filmdata/b_films/beauty_and_the_beast_2014.htm
Bermuda Tentacles,2014,0 Stras,../filmdata/b_films/bermuda_tentacles.html
Best Christmas Party Ever,2014,0 Stras,../filmdata/b_films/best_christmas_party_ever.html
Blended,2014,0 Stras,../filmdata/b_films/blended.html
Burying The Ex,2014,0 Stras,../filmdata/b_films/burying_the_ex.html
Calling,2014,0 Stras,../filmdata/c_films/calling.html
Captain America: The Winter Soldier,2014,0 Stras,../filmdata/c_films/captain_america_winter_soldier.html
Chef,2014,0 Stras,../filmdata/c_films/chef_2014.html
Christian Mingle,2014,0 Stras,../filmdata/c_films/christian-mingle.html
Christmas At Cartwright's,2014,0 Stras,../filmdata/c_films/christmas_at_cartwrights.html
Christmas Dragon,2014,0 Stras,../filmdata/c_films/christmas_dragon.html
Christmas Icetastrophe,2014,0 Stras,../filmdata/c_films/christmas_icestatastrophe.html
Christmas In Palm Springs,2014,0 Stras,../filmdata/c_films/christmas_in_palm_springs.html
Christmas Mix,2014,0 Stras,../filmdata/c_films/christmas_mix.html
Christmas Parade,2014,0 Stras,../filmdata/c_films/christmas_parade.html
Christmas Shepherd,2014,0 Stras,../filmdata/c_films/christmas_shepherd.html
Christmas Under Wraps,2014,0 Stras,../filmdata/c_films/christmas_under_wraps.html
Coffee Shop,2014,0 Stras,../filmdata/c_films/coffee-shop.html
Color Of Rain,2014,0 Stras,../filmdata/c_films/color_of_rain.html
Cookie Cutter Christmas,2014,0 Stras,../filmdata/c_films/cookie-cutter-christmas.html
Cookie Mobster,2014,0 Stras,../filmdata/c_films/cookie_mobster.html
Crawl Or Die,2014,0 Stras,../filmdata/c_films/crawl_or_die.html
Dear Viola,2014,0 Stras,../filmdata/d_films/dear-viola.html
Dinosaur Island,2014,0 Stras,../filmdata/d_films/dinosaur_island.html
Divergent,2014,0 Stras,../filmdata/d_films/divergent.html
Dog Who Saved Easter,2014,0 Stras,../filmdata/d_films/dog_who_saved_easter.html
Effie Gray,2014,0 Stras,../filmdata/e_films/effie_gray.html
Falling,2014,0 Stras,../filmdata/f_films/falling.html
Far From Home,2014,0 Stras,../filmdata/f_films/far_from_home.html
Fault In Our Stars,2014,0 Stras,../filmdata/f_films/fault_in_our_stars.html
Firequake,2014,0 Stras,../filmdata/f_films/firequake.html
Flowers In The Attic,2014,0 Stras,../filmdata/f_films/flowers_in_the_attic.html
Flowers In The Attic 2 Petals In The Wind,2014,0 Stras,../filmdata/f_films/flowers_in_the_attic_2.html
Garage Sale Mystery: All That Glitters,2014,0 Stras,../filmdata/g_films/garage_sale_mystery_all_that_glitters.html
Ghost of Goodnight Lane,2014,0 Stras,../filmdata/g_films/ghost_of_goodnight_lane.html
Girl He Met Online,2014,0 Stras,../filmdata/g_films/girl_he_met_on_line.html
Girl House,2014,0 Stras,../filmdata/g_films/girl_house.html
Gone Girl,2014,0 Stras,../filmdata/g_films/gone_girl.html
Good Mistress,2014,0 Stras,../filmdata/g_films/good_mistress.html
Good Witch's Wonder,2014,0 Stras,../filmdata/g_films/good_witchs_wonder.html
Grand Budapest Hotel,2014,0 Stras,../filmdata/g_films/grand_budapest_hotel.html
Guardians Of The Galaxy,2014,0 Stras,../filmdata/g_films/guardians_of_the_galaxy.html
Haunting of Radcliffe House,2014,0 Stras,../filmdata/h_films/haunting_of_radcliffe_house.html
Heavenly Match,2014,0 Stras,../filmdata/h_films/heavenly_match.html
Hercules,2014,0 Stras,../filmdata/h_films/hercules_2014.htm
"I, Frankenstein",2014,0 Stras,../filmdata/i_films/i_frankenstein.html
Imitation Game,2014,0 Stras,../filmdata/i_films/imitation_game.html
In My Dreams,2014,0 Stras,../filmdata/i_films/in_my_dreams.html
Into The Woods,2014,0 Stras,../filmdata/i_films/into_the_woods.html
Incredible Adventures of Professor Branestawm,2014,0 Stras,../filmdata/i_films/incredible_adventures_professor_branestawm.html
Interstellar,2014,0 Stras,../filmdata/i_films/interstellar.html
Killer Mermaid,2014,0 Stras,../filmdata/k_films/killer_mermaid.html
Kingsman: The Secret Service,2014,0 Stras,../filmdata/k_films/kingsman_secret_service.html
LA Apocalypse,2014,0 Stras,../filmdata/l_films/la_apocalypse.html
The LEGO Movie,2014,0 Stras,../filmdata/l_films/lego_movie.html
Little Chaos,2014,0 Stras,../filmdata/l_films/little-chaos.html
Looking For Mr Right,2014,0 Stras,../filmdata/l_films/looking_for_mr_right.html
Love By Design,2014,0 Stras,../filmdata/l_films/love_by_design.html
Love By The Book,2014,0 Stras,../filmdata/l_films/love_by_the_book.html
Lucky In Love,2014,0 Stras,../filmdata/l_films/lucky_in_love.html
Lucy,2014,0 Stras,../filmdata/l_films/lucy.html
Madame Bovary,2014,0 Stras,../filmdata/m_films/madame_bovary.html
Maleficent,2014,0 Stras,../filmdata/m_films/maleficent.html
Mega Shark vs Mecha Shark,2014,0 Stras,../filmdata/m_films/mega_shark_vs_mecha_shark.html
Merry Ex-Mas,2014,0 Stras,../filmdata/m_films/merry_ex_mas.html
Michaels,2014,0 Stras,../filmdata/m_films/michaels.html
Midnight Masquerade,2014,0 Stras,../filmdata/m_films/midnight_masquerade.html
Mom And Dad Undergrads,2014,0 Stras,../filmdata/m_films/mom_and_dad_undergrads.html
Mom's Away Day,2014,0 Stras,../filmdata/m_films/moms_away_day.html
Mr Miracle,2014,0 Stras,../filmdata/m_films/mr_miracle.html
My Gal Sunday,2014,0 Stras,../filmdata/m_films/my_gal_sunday.html
My Old Lady,2014,0 Stras,../filmdata/m_films/my_old_lady.html
Mythica: A Quest For Heroes,2014,0 Stras,../filmdata/m_films/mythica_a_quest_for_heroes.html
Nine Lives Of Christmas,2014,0 Stras,../filmdata/n_films/nine_lives_of_christmas.html
Noah,2014,0 Stras,../filmdata/n_films/noah.html
Northpole,2014,0 Stras,../filmdata/n_films/northpole.html
One Starry Christmas,2014,0 Stras,../filmdata/o_films/one_starry_christmas.html
Other Woman,2014,0 Stras,../filmdata/o_films/other_woman.html
Out Of The Dark,2014,0 Stras,../filmdata/o_films/out_of_the_dark.html
Paddington,2014,0 Stras,../filmdata/p_films/paddington.html
Paranormal Island,2014,0 Stras,../filmdata/p_films/paranormal_island.html
Perfect Christmas List,2014,0 Stras,../filmdata/p_films/perfect_christmas_list.html
Perfect On Paper,2014,0 Stras,../filmdata/p_films/perfect_on_paper.html
PopFan,2014,0 Stras,../filmdata/p_films/popfan.html
Recipe For Love,2014,0 Stras,../filmdata/r_films/recippe_for_love.html
Rescuing Madison,2014,0 Stras,../filmdata/r_films/rescuing_madison.html
Rewrite,2014,0 Stras,../filmdata/r_films/rewrite.html
Ring By Spring,2014,0 Stras,../filmdata/r_films/ring_by_spring.html
Road,2014,0 Stras,../filmdata/r_films/road.html
Rocky Road,2014,0 Stras,../filmdata/r_films/rocky_road.html
Royal Christmas,2014,0 Stras,../filmdata/r_films/royal_christmas.html
Scarehouse,2014,0 Stras,../filmdata/s_films/scarehouse.html
Serena,2014,0 Stras,../filmdata/s_films/serena.html
Sleeping Beauty,2014,0 Stras,../filmdata/s_films/sleeping_beauty_2014.htm
Space Station 76,2014,0 Stras,../filmdata/s_films/space_station_76.html
Starry Eyes,2014,0 Stras,../filmdata/s_films/starry_eyes.html
Sweet Surrender,2014,0 Stras,../filmdata/s_films/sweet_surrender.html
Take Care,2014,0 Stras,../filmdata/t_films/take_care.html
Theory Of Everything,2014,0 Stras,../filmdata/t_films/theory_of_everything.html
They Came Together,2014,0 Stras,../filmdata/t_films/they_came_together.html
Touched,2014,0 Stras,../filmdata/t_films/touched.html
Town That Came A-Courtin,2014,0 Stras,../filmdata/t_films/town_that_came_a_courtin.html
Tree That Saved Christmas,2014,0 Stras,../filmdata/t_films/tree_that_saved_christmas.html
Viking Quest,2014,0 Stras,../filmdata/v_films/viking_quest.html
Wedding Planner Mystery,2014,0 Stras,../filmdata/w_films/wedding_planner_mystery.html
What We Did On Our Holiday,2014,0 Stras,../filmdata/w_films/what_we_did_on_our_holiday.html
What We Do In The Shadows,2014,0 Stras,../filmdata/w_films/what_we_do_in_the_shadows.html
When Sparks Fly,2014,0 Stras,../filmdata/w_films/when_sparks_fly.html
White Settlers,2014,0 Stras,../filmdata/w_films/white_settlers.html
Woman In Black: Angel Of Death,2014,0 Stras,../filmdata/w_films/woman_in_black_angel_of_death.html
The Imitation Game,2014,,../filmdata/i_films/imitation_game.html
The Grand Budapest Hotel,2014,,../filmdata/g_films/grand_budapest_hotel.html
The Theory Of Everything,2014,,../filmdata/t_films/theory_of_everything.html
Eddie Redmayne,2014,,../actor/r_actor/redmayne_eddie.html
Steve Carell,2014,,../actor/c_actor/carell_steve.htm
Benedict Cumberbatch,2014,,../actor/c_actor/cumberbatch_benedict.html
Bradley Cooper,2014,,../actor/c_actor/cooper_bradley.html
Michael Keaton,2014,,../actor/k_actor/keaton_michael.htm
Julianne Moore,2014,,../actress/m_actress/moore_julianne.htm
Marion Cotillard,2014,,../actress/c_actress/cotillard_marion.html
Felicity Jones,2014,,../actress/j_actress/jones_felicity.html
Rosamund Pike,2014,,../actress/p_actress/pike_rosamond.htm
Reese Witherspoon,2014,,../actress/w_actress/witherspoon_reese.htm
12 Gifts Of Christmas,2015,2 Stars,../filmdata/1_films/12-gifts-of-christmas.html
40 Below And Falling,2015,2 Stars,../filmdata/1_films/40_below_and_falling.html
A Novel Romance,2015,2 Stars,../filmdata/n_films/novel_romance.html
After The Ball,2015,2 Stars,../filmdata/a_films/after_the_ball.html
All Of My Heart,2015,2 Stars,../filmdata/a_films/all_of_my_heart.html
All Roads Lead To Rome,2015,2 Stars,../filmdata/a_films/all_roads_lead_to_rome.html
Angel Of Christmas,2015,2 Stars,../filmdata/a_films/angel_of_christmas.html
Angels In The Snow,2015,2 Stars,../filmdata/a_films/angels-in-the-snow.html
Aurora Teagarden Mystery: Real Murders,2015,2 Stars,../filmdata/a_films/aurora_teagarden_mystery_real_murders.html
Aurora Teagarden Mystery: A Bone To Pick,2015,2 Stars,../filmdata/a_films/aurora_teagarden_mystery_real_murders.html
Autumn Dreams,2015,2 Stars,../filmdata/a_films/autumn_dreams.html
Avengers Grimm,2015,2 Stars,../filmdata/a_films/avengers_grimm.html
Axe To Grind,2015,2 Stars,../filmdata/a_films/axe_to_grind.html
Becoming Santa,2015,2 Stars,../filmdata/b_films/becoming_santa.html
Bite,2015,2 Stars,../filmdata/b_films/bite.html
Bound & Babysitting,2015,2 Stars,../filmdata/b_films/bound_and_babysitting.html
Bridal Wave,2015,2 Stars,../filmdata/b_films/bridal_wave.html
Charming Christmas,2015,2 Stars,../filmdata/c_films/charming-christmas.html
Christmas Detour,2015,2 Stars,../filmdata/c_films/christmas_detour.html
Christmas In The Smokies,2015,2 Stars,../filmdata/c_films/christmas_in_the_smokies.html
Christmas Incorporated,2015,2 Stars,../filmdata/c_films/christmas_incorporated.html
Christmas Melody,2015,2 Stars,../filmdata/c_films/christmas-melody.html
Christmas Note,2015,2 Stars,../filmdata/c_films/christmas_note.html
Christmas Reunion,2015,2 Stars,../filmdata/c_films/christmas_reunion.html
Christmas Star,2015,2 Stars,../filmdata/c_films/christmas_star.html
Christmas With The Coopers,2015,2 Stars,../filmdata/c_films/christmas_with_the_coopers.html
Cinderella,2015,2 Stars,../filmdata/c_films/cinderella_2015.html
Cloudy With A Chance Of Love,2015,2 Stars,../filmdata/c_films/cloudy_with_a_chance_of_love.html
Country Wedding,2015,2 Stars,../filmdata/c_films/country-wedding.html
Cowboys vs Dinosaurs,2015,2 Stars,../filmdata/c_films/cowboys_vs_dinosaurs.html
Crimson Peak,2015,2 Stars,../filmdata/c_films/crimson_peak.html
Crown For Christmas,2015,2 Stars,../filmdata/c_films/crown_for_christmas.html
Dashing Through the Snow,2015,2 Stars,../filmdata/d_films/dashing_though_the_snow.html
Deadly Pusuit,2015,2 Stars,../filmdata/d_films/deadly_pursuit.html
Diabolical,2015,2 Stars,../filmdata/d_films/diabolical.html
Dogwalkers Chrstmas Tale,2015,2 Stars,../filmdata/d_films/dogwalkers_christmas_tale.html
Dressmaker,2015,2 Stars,../filmdata/d_films/dressmaker.html
Everest,2015,2 Stars,../filmdata/e_films/everest.html
Ex Machina,2015,2 Stars,../filmdata/e_films/ex_machina.html
Family For Christmas,2015,2 Stars,../filmdata/f_films/family_for_christmas.html
Fifty Shades Of Grey,2015,2 Stars,../filmdata/f_films/fifty_shades_of_grey.html
Final Girl,2015,2 Stars,../filmdata/f_films/final_girl.html
Final Girls,2015,2 Stars,../filmdata/f_films/final_girl.html
Flight Before Christmas,2015,2 Stars,../filmdata/f_films/flight_before_christmas.html
Garage Sale Mystery: Deadly Room,2015,2 Stars,../filmdata/g_films/garage_sale_mystery_deadly_room.html
Garage Sale Mystery: Wedding Dress,2015,2 Stars,../filmdata/g_films/garage_sale_mystery_wedding_dress.html
Gift Of Miracles,2015,2 Stars,../filmdata/g_films/gift_of_miracles.html
Gift Wrapped Christmas,2015,2 Stars,../filmdata/g_films/gift_wrapped_christmas.html
Gourmet Detective,2015,2 Stars,../filmdata/g_films/gourmet_detective.html
Gourmet Detective: A Healthy Place To Die,2015,2 Stars,../filmdata/g_films/gourmet_detective_healthy_place_to_die.html
Hallow,2015,2 Stars,../filmdata/h_films/hallow.html
Harbinger Down,2015,2 Stars,../filmdata/h_films/harbinger_down.html
Harvest Moon,2015,2 Stars,../filmdata/h_films/harvest_moon.html
"Hello, It's Me",2015,2 Stars,../filmdata/h_films/hello_its_me.html
Hot Pursuit,2015,2 Stars,../filmdata/h_films/hot_pursuit.html
Hollow,2015,2 Stars,../filmdata/h_films/hollow.html
How Not To Propose,2015,2 Stars,../filmdata/h_films/how_not_to_propose.html
How Sarah Got Her Wings,2015,2 Stars,../filmdata/h_films/how_sarah_got_her_wings.html
How to Plan an Orgy in a Small Town,2015,2 Stars,../filmdata/h_films/how_to_plan_an_orgy_small_town.html
Howl,2015,2 Stars,../filmdata/h_films/howl.html
I Do I Do I Do,2015,2 Stars,../filmdata/i_films/i_do_i_do_i_do.html
I'm Not Ready For Christmas,2015,2 Stars,../filmdata/i_films/im_not_ready_for_christmas.html
Inspector Calls,2015,2 Stars,../filmdata/i_films/inspector_calls_2015.html
Insurgent,2015,2 Stars,../filmdata/i_films/insurgent.html
It Had To Be You,2015,2 Stars,../filmdata/i_films/it_had_to_be_you_2015.html
Joy,2015,2 Stars,../filmdata/j_films/joy.html
Jupiter Ascending,2015,2 Stars,../filmdata/j_films/jupiter_ascending.html
Jurassic World,2015,2 Stars,../filmdata/j_films/jurassic_world.html
Just In Time For Christmas,2015,2 Stars,../filmdata/j_films/just_in_time_for_christmas.html
Just The Way You Are,2015,2 Stars,../filmdata/j_films/just-the-way-you-are.html
Kind Of Magic,2015,2 Stars,../filmdata/k_films/kind_of_magic.html
Lake Placid vs Anaconda,2015,2 Stars,../filmdata/l_films/lake_placid_vs_anaconda.html
Last Chance For Christmas,2015,2 Stars,../filmdata/l_films/last_chance_for_christmas.html
Last Witch Hunter,2015,2 Stars,../filmdata/l_films/last_witch_hunter.html
Love Again,2015,2 Stars,../filmdata/l_films/love_again.html
Love On The Air,2015,2 Stars,../filmdata/l_films/love_on_the_air.html
Love On The Sidelines,2015,2 Stars,../filmdata/l_films/love-on-the-sidelines.html
Love Under The Stars,2015,2 Stars,../filmdata/l_films/love_under_the_stars.html
Magic Stocking,2015,2 Stars,../filmdata/m_films/magic_stocking.html
The Man From U.N.C.L.E.,2015,2 Stars,../filmdata/m_films/man_from_uncle.html
Man Up,2015,2 Stars,../filmdata/m_films/man_up.html
Maneater,2015,2 Stars,../filmdata/m_films/maneater.html
Martian,2015,2 Stars,../filmdata/m_films/martian.html
Martian Land,2015,2 Stars,../filmdata/m_films/martian_land.html
Merry Kissmass,2015,2 Stars,../filmdata/m_films/merry_kissmass.html
Merry Matrimony,2015,2 Stars,../filmdata/m_films/merry_matrimony.html
Mr Holmes,2015,2 Stars,../filmdata/m_films/mr-holmes.html
Murder She Baked A Chocolate Chip Cookie Mystery,2015,2 Stars,../filmdata/m_films/murder_she_baked_a_chocolate_chip_cookie_mystery.html
Music In Me,2015,2 Stars,../filmdata/m_films/music_in_me.html
Mythica: The Darkspore,2015,2 Stars,../filmdata/m_films/mythica_the_darkspore.html
"Hello, My Name Is Doris",2015,2 Stars,../filmdata/h_films/hello_my_name_is_doris.html
Northpole: Open for Christmas,2015,2 Stars,../filmdata/n_films/northpole_open_for_christmas.html
October Kiss,2015,2 Stars,../filmdata/o_films/october_kiss.html
On The Twelfth Day Of Christmas,2015,2 Stars,../filmdata/o_films/on_the_twelfth-day_of_christmas.html
Once Upon A Holiday,2015,2 Stars,../filmdata/o_films/once_uon_a_holiday.html
Patchwork,2015,2 Stars,../filmdata/p_films/patchwork.html
Perfect Match,2015,2 Stars,../filmdata/p_films/perfect_match.html
Prince For Christmas,2015,2 Stars,../filmdata/p_films/prince_for_christmas.html
Reluctant Nanny,2015,2 Stars,../filmdata/r_films/reluctant_nanny.html
Revenant,2015,2 Stars,../filmdata/r_films/revenant.html
Rezort,2015,2 Stars,../filmdata/r_films/rezort.html
Right Girl,2015,2 Stars,../filmdata/r_films/right_girl.html
Romantically Speaking,2015,2 Stars,../filmdata/r_films/romantically_speaking.html
Royal Night Out,2015,2 Stars,../filmdata/r_films/royal_night_out.html
Scandalous Lady W,2015,2 Stars,../filmdata/s_films/scandalous_lady_w.html
Scottish Mussel,2015,2 Stars,../filmdata/s_films/scottish_mussel.html
Second Best Marigold Hotel,2015,2 Stars,../filmdata/s_films/second_best_marigold_hotel.html
Sharknado 3:Oh Hell No,2015,2 Stars,../filmdata/s_films/sharknado_3_oh_hell_no.html
Signed Sealed and Delivered: From Paris With Love,2015,2 Stars,../filmdata/s_films/signed_sealed_and_delivered_from_paris_with_love.html
Snowed In At Rosemont,2015,2 Stars,../filmdata/s_films/snowed_in_at_rosement.html
So You Said Yes,2015,2 Stars,../filmdata/s_films/so_you_said_yes.html
Spirit Of Christmas,2015,2 Stars,../filmdata/s_films/spirit_of_christmas.html
Spy,2015,2 Stars,../filmdata/s_films/spy.html
Surprised By Love,2015,2 Stars,../filmdata/s_films/surprised_by_love.html
Tis The Season For Love,2015,2 Stars,../filmdata/t_films/tis_the_season_for_love.html
